agency,tier,rank_in_tier,impact_score,opportunity_number,title,issuing_agency,status,deadline,estimated_award,rationale,rules_that_fired,link
DHHS,1,1,73,CDC-RFA-PS-27-0009,"Integrated Viral Hepatitis Surveillance, Testing, Treatment, and Prevention Programs for Health Departments (IVH-STTP)",HHS-CDC-NCHHSTP,forecasted,2026-12-09,7500000,"state agency can apply, forecast (not yet posted) · required capabilities in-house or contracted · 70 days to deadline · ~$7.5M implied award · no cost share → Tier 1: writer can act","No escalation: required capabilities are in-house or contracted, no cost share, about 0.5 FTE fits your staff",https://simpler.grants.gov/opportunity/2e580529-c869-47d0-9aab-7d0e239ed5e8
DHHS,1,2,68,CDC-RFA-CK-27-0007,Centers of Excellence in Healthcare Quality and Safety,HHS-CDC-NCEZID,forecasted,2027-01-04,110000000,"state agency can apply, forecast (not yet posted) · required capabilities in-house or contracted · 96 days to deadline · ~$110.0M implied award · no cost share → Tier 1: writer can act","No escalation: required capabilities are in-house or contracted, no cost share, about 0.5 FTE fits your staff",https://simpler.grants.gov/opportunity/38e79010-c2a9-4d5f-bf81-cede591318e4
DHHS,1,3,63,CDC-RFA-PS-27-0008,Controlling and Preventing STIs in US Health Departments (CAP-STIs),HHS-CDC-NCHHSTP,forecasted,2026-10-31,8474576.27118644,"state agency can apply, forecast (not yet posted) · required capabilities in-house or contracted · 31 days to deadline · ~$8.5M implied award · no cost share → Tier 1: writer can act","No escalation: required capabilities are in-house or contracted, no cost share, about 0.5 FTE fits your staff",https://simpler.grants.gov/opportunity/0ff3ace3-70fb-4ef7-b6ba-b93a899a2707
DHHS,1,4,61,RFA-IP-27-035,Expanded Surveillance for Pediatric Infectious Diseases,HHS-CDC-HHSCDCERA,forecasted,2026-12-31,5714285.71428571,"state agency can apply, forecast (not yet posted) · required capabilities in-house or contracted · 92 days to deadline · ~$5.7M implied award · no cost share → Tier 1: writer can act","No escalation: required capabilities are in-house or contracted, no cost share, about 0.5 FTE fits your staff",https://simpler.grants.gov/opportunity/b3577f33-eee0-49fb-aeba-2ea0b02fe59e
DHHS,1,5,61,CDC-RFA-PS-27-0239,Strengthening Services to Prevent the Infectious Disease Consequences of Drug Use,HHS-CDC-NCHHSTP,forecasted,2027-05-24,41250000,"state agency can apply, forecast (not yet posted) · required capabilities in-house or contracted · 236 days to deadline · ~$41.2M implied award · no cost share → Tier 1: writer can act","No escalation: required capabilities are in-house or contracted, no cost share, about 0.5 FTE fits your staff",https://simpler.grants.gov/opportunity/441d2761-0d9c-42ae-a3da-905ce4ed0ca4
DHHS,1,6,59,CDC-RFA-PS-27-0005,The National Network of STI Prevention Training Centers (NNPTC),HHS-CDC-NCHHSTP,forecasted,2027-02-20,4000000,"state agency can apply, forecast (not yet posted) · required capabilities in-house or contracted · 143 days to deadline · ~$4.0M implied award · no cost share → Tier 1: writer can act","No escalation: required capabilities are in-house or contracted, no cost share, about 0.5 FTE fits your staff",https://simpler.grants.gov/opportunity/217a3975-7543-445d-9638-8026297a75c4
DHHS,1,7,57,HRSA-27-063,HIV Care Grant Program - Part B States/Territories Formula and AIDS Drug Assistance Program Formula and AIDS Drug Assistance Program Supplemental Awards,HHS-HRSA,forecasted,2026-10-30,24809259.2592593,"state agency can apply, forecast (not yet posted) · required capabilities in-house or contracted · 30 days to deadline · ~$24.8M implied award · no cost share → Tier 1: writer can act","No escalation: required capabilities are in-house or contracted, no cost share, about 0.25 FTE fits your staff",https://simpler.grants.gov/opportunity/1d55627c-531e-4a60-95e0-719b256179bf
DHHS,1,8,57,CDC-RFA-PS-27-0237,Holistic and Evidence-Informed Wellness for STI Prevention,HHS-CDC-NCHHSTP,forecasted,2027-05-31,3000000,"state agency can apply, forecast (not yet posted) · required capabilities in-house or contracted · 243 days to deadline · ~$3.0M implied award · no cost share → Tier 1: writer can act","No escalation: required capabilities are in-house or contracted, no cost share, about 0.5 FTE fits your staff",https://simpler.grants.gov/opportunity/e511b41d-655a-4869-bfd3-09fbf0c33987
DHHS,1,9,56,HRSA-27-031,"Fetal, Infant, and Child Death Review Program",HHS-HRSA,forecasted,2027-01-20,5149000,"state agency can apply, forecast (not yet posted) · required capabilities in-house or contracted · 112 days to deadline · ~$5.1M implied award · no cost share → Tier 1: writer can act","No escalation: required capabilities are in-house or contracted, no cost share, about 0.5 FTE fits your staff",https://simpler.grants.gov/opportunity/d9551b09-3a45-4dc1-a343-3f09521de9aa
DHHS,1,10,56,CDC-RFA-DD-27-0065,Surveillance and Case Control Study of Stillbirth and Birth Defects (SUCCSSBD),HHS-CDC-NCBDDD,forecasted,2027-03-31,2750000,"state agency can apply, forecast (not yet posted) · required capabilities in-house or contracted · 182 days to deadline · ~$2.8M implied award · no cost share → Tier 1: writer can act","No escalation: required capabilities are in-house or contracted, no cost share, about 0.5 FTE fits your staff",https://simpler.grants.gov/opportunity/91d0d477-b844-4189-8880-bd7a2876b24e
DHHS,1,11,55,RFA-DP-27-051,Implementation Research on Coordinated Combinations of Community-Clinical Linkage Strategies for Diabetes Prevention and Management,HHS-CDC-HHSCDCERA,forecasted,2027-03-22,2500000,"state agency can apply, forecast (not yet posted) · required capabilities in-house or contracted · 173 days to deadline · ~$2.5M implied award · no cost share → Tier 1: writer can act","No escalation: required capabilities are in-house or contracted, no cost share, about 0.5 FTE fits your staff",https://simpler.grants.gov/opportunity/54666d94-e0dc-44d3-90e6-6eb913f79ca9
DHHS,1,12,54,CDC-RFA-DD-27-0028,"Maternal-Child Surveillance and Partnerships for Action, Results, and Knowledge",HHS-CDC-NCBDDD,forecasted,2027-04-26,2217391.30434783,"state agency can apply, forecast (not yet posted) · required capabilities in-house or contracted · 208 days to deadline · ~$2.2M implied award · no cost share → Tier 1: writer can act","No escalation: required capabilities are in-house or contracted, no cost share, about 0.5 FTE fits your staff",https://simpler.grants.gov/opportunity/172926e9-5f18-4993-893d-ac73be5bbb9d
DHHS,1,13,52,RFA-OH-27-050,State Occupational Safety and Health Surveillance Program (U60),HHS-CDC-HHSCDCERA,forecasted,2026-12-30,1600000,"state agency can apply, forecast (not yet posted) · required capabilities in-house or contracted · 91 days to deadline · ~$1.6M implied award · no cost share → Tier 1: writer can act","No escalation: required capabilities are in-house or contracted, no cost share, about 0.5 FTE fits your staff",https://simpler.grants.gov/opportunity/13af439f-7405-4592-9a1e-18c4f7db7622
DHHS,1,14,52,HRSA-27-070,Ryan White HIV/AIDS Program Part B States/Territories Supplemental Grant Program,HHS-HRSA,forecasted,2027-03-15,1600000,"state agency can apply, forecast (not yet posted) · required capabilities in-house or contracted · 166 days to deadline · ~$1.6M implied award · no cost share → Tier 1: writer can act","No escalation: required capabilities are in-house or contracted, no cost share, about 0.25 FTE fits your staff",https://simpler.grants.gov/opportunity/be465a8b-8694-4eef-9801-5160a92c7cdf
DHHS,1,15,50,HRSA-27-077,AIDS Drug Assistance Program (ADAP) Emergency Relief Funds (ERF),HHS-HRSA,forecasted,2026-11-02,2500000,"state agency can apply, forecast (not yet posted) · required capabilities in-house or contracted · 33 days to deadline · ~$2.5M implied award · no cost share → Tier 1: writer can act","No escalation: required capabilities are in-house or contracted, no cost share, about 0.25 FTE fits your staff",https://simpler.grants.gov/opportunity/1613e128-508f-47e1-9bf2-e2c02e7d79b1
DHHS,1,16,50,FOR-FD-23-014,Manufactured Foods Flexible Funding Model (MF-FFM),HHS-FDA,forecasted,,,"state agency can apply, forecast (not yet posted) · required capabilities in-house or contracted · no deadline stated · award size not stated · no cost share → Tier 1: writer can act","No escalation: required capabilities are in-house or contracted, no cost share, about 0.5 FTE fits your staff",https://simpler.grants.gov/opportunity/b8b51aae-68fc-448a-bbca-5fbfd229a841
DHHS,1,17,47,HRSA-27-047,Rural Maternity and Obstetrics Management Strategies Program,HHS-HRSA,forecasted,2027-04-20,1000000,"state agency can apply, forecast (not yet posted) · required capabilities in-house or contracted · 202 days to deadline · ~$1.0M implied award · no cost share → Tier 1: writer can act","No escalation: required capabilities are in-house or contracted, no cost share, about 0.5 FTE fits your staff",https://simpler.grants.gov/opportunity/741f2935-18c1-4e3e-8f54-f30dc3a6ee80
DHHS,1,18,44,HRSA-27-046,Rural Residency Planning and Development Program,HHS-HRSA,forecasted,2027-03-18,750000,"state agency can apply, forecast (not yet posted) · required capabilities in-house or contracted · 169 days to deadline · ~$750K implied award · no cost share → Tier 1: writer can act","No escalation: required capabilities are in-house or contracted, no cost share, about 0.25 FTE fits your staff",https://simpler.grants.gov/opportunity/6bc69d9c-87b7-4329-962c-16c8e3ad553d
DHHS,1,19,43,HRSA-27-079,Ryan White HIV/AIDS Program (RWHAP) Integrated HIV/AIDS Planning Resource Allocation Cooperative Agreement,HHS-HRSA,forecasted,2027-01-18,700000,"state agency can apply, forecast (not yet posted) · required capabilities in-house or contracted · 110 days to deadline · ~$700K implied award · no cost share → Tier 1: writer can act","No escalation: required capabilities are in-house or contracted, no cost share, about 0.5 FTE fits your staff",https://simpler.grants.gov/opportunity/a73919b2-7a90-4735-8ec5-a67c08dea3ed
DHHS,1,20,42,HRSA-27-045,Rural Health Value Program,HHS-HRSA,forecasted,2027-03-20,650000,"state agency can apply, forecast (not yet posted) · required capabilities in-house or contracted · 171 days to deadline · ~$650K implied award · no cost share → Tier 1: writer can act","No escalation: required capabilities are in-house or contracted, no cost share, about 0.5 FTE fits your staff",https://simpler.grants.gov/opportunity/33b8d341-8908-46c1-95c1-a8af9be3ccc8
DHHS,1,21,39,HRSA-27-039,Radiation Exposure Screening and Education Program,HHS-HRSA,forecasted,2027-05-25,486125,"state agency can apply, forecast (not yet posted) · required capabilities in-house or contracted · 237 days to deadline · ~$486K implied award · no cost share → Tier 1: writer can act","No escalation: required capabilities are in-house or contracted, no cost share, about 0.25 FTE fits your staff",https://simpler.grants.gov/opportunity/188aac01-0056-4dd0-9bde-54cf6ddf113c
DHHS,1,22,37,HRSA-27-051,Rural Health Network Development Program,HHS-HRSA,forecasted,2027-03-16,391304.347826087,"state agency can apply, forecast (not yet posted) · required capabilities in-house or contracted · 167 days to deadline · ~$391K implied award · no cost share → Tier 1: writer can act","No escalation: required capabilities are in-house or contracted, no cost share, about 0.25 FTE fits your staff",https://simpler.grants.gov/opportunity/8bb15754-c013-462d-b305-f2a8dd116e08
DHHS,1,23,35,HRSA-27-044,Telehealth Nutrition Services Network Grant Program,HHS-HRSA,forecasted,2027-05-01,300000,"state agency can apply, forecast (not yet posted) · required capabilities in-house or contracted · 213 days to deadline · ~$300K implied award · no cost share → Tier 1: writer can act","No escalation: required capabilities are in-house or contracted, no cost share, about 0.25 FTE fits your staff",https://simpler.grants.gov/opportunity/18c0a9f1-fe39-4c7a-8ffd-1d8c656d666f
DHHS,2,1,70,CDC-RFA-TP22-2201,Public Health Crisis Response Cooperative Agreement,HHS-CDC-OPHPR,posted,2027-02-11,4424778.76106195,state agency can apply · partner needed for emergency management · 134 days to deadline · ~$4.4M implied award · no cost share → Tier 2: needs supervisor or division,"Needs emergency management, which DHHS reaches only through a partner; Cooperative agreement with a required evaluation",https://simpler.grants.gov/opportunity/42a1b238-2c19-47b4-ae58-f4a775231b78
DHHS,2,2,67,RFA-OH-24-001,National Center for Construction Safety and Health Research and Translation (U54),HHS-CDC-HHSCDCERA,posted,2026-12-01,28750000,state agency can apply · partner needed for research and rigorous evaluation · 62 days to deadline · ~$28.8M implied award · no cost share → Tier 2: needs supervisor or division,"Needs research and rigorous evaluation, which DHHS reaches only through a partner",https://simpler.grants.gov/opportunity/b307f2ac-767d-4715-be92-f5326db2cd9d
DHHS,2,3,65,CDC-RFA-CE-27-0024,Comprehensive Suicide Prevention Program for States,HHS-CDC-NCIPC,forecasted,2027-04-17,4519230.76923077,"state agency can apply, forecast (not yet posted) · partner needed for research and rigorous evaluation · 199 days to deadline · ~$4.5M implied award · no cost share → Tier 2: needs supervisor or division","Needs research and rigorous evaluation, which DHHS reaches only through a partner; Requires funding and monitoring subrecipients; Cooperative agreement with a required evaluation",https://simpler.grants.gov/opportunity/3c36bc50-73ae-42ad-a727-fae640dad5c9
DHHS,2,4,64,RFA-CK-26-035,"Emerging Infections Network - Research for Preventing, Detecting, and Managing Travel-associated Infectious Diseases",HHS-CDC-HHSCDCERA,posted,2026-11-05,15000000,state agency can apply · required capabilities in-house or contracted · 36 days to deadline · ~$15.0M implied award · no cost share → Tier 2: needs supervisor or division,Requires funding and monitoring subrecipients; Cooperative agreement with a required evaluation,https://simpler.grants.gov/opportunity/10f4a697-e6a1-454a-bb73-74bc933f364a
DHHS,2,5,62,RFA-OH-27-049,NIOSH Centers of Excellence for Total Worker Health® (U19),HHS-CDC-HHSCDCERA,forecasted,2027-02-26,5850000,"state agency can apply, forecast (not yet posted) · partner needed for research and rigorous evaluation · 149 days to deadline · ~$5.8M implied award · no cost share → Tier 2: needs supervisor or division","Needs research and rigorous evaluation, which DHHS reaches only through a partner; Cooperative agreement with a required evaluation",https://simpler.grants.gov/opportunity/43e32c6d-fbbd-4056-8fd4-f64cdebefd41
DHHS,2,6,61,RFA-CK-26-036,"US Travelers Health Research, Surveillance, Communication, and Outreach Network",HHS-CDC-HHSCDCERA,posted,2026-11-05,5000000,state agency can apply · required capabilities in-house or contracted · 36 days to deadline · ~$5.0M implied award · no cost share → Tier 2: needs supervisor or division,Cooperative agreement with a required evaluation,https://simpler.grants.gov/opportunity/1a3231f6-36eb-40d1-afe8-232010fa2fe3
DHHS,2,7,61,CDC-RFA-DP-27-0043,Statewide Perinatal Quality Collaboratives: Improving Perinatal Care and Outcomes,HHS-CDC-NCCDPHP,forecasted,2027-05-03,2141025.64102564,"state agency can apply, forecast (not yet posted) · partner needed for research and rigorous evaluation · 215 days to deadline · ~$2.1M implied award · no cost share → Tier 2: needs supervisor or division","Needs research and rigorous evaluation, which DHHS reaches only through a partner",https://simpler.grants.gov/opportunity/477f11ad-e8c7-40ea-84f3-f5bec6e50e3b
DHHS,2,8,60,HHS-2026-ACF-ORR-ZU-0019,Home Study and Post-Release Services for Unaccompanied Alien Children​​,HHS-ACF-ORR,posted,2027-10-01,27750000,state agency can apply · partner needed for workforce training and credentialing · 366 days to deadline · ~$27.8M implied award · no cost share → Tier 2: needs supervisor or division,"Needs workforce training and credentialing, which DHHS reaches only through a partner; Cooperative agreement with a required evaluation",https://simpler.grants.gov/opportunity/cb2cbb9f-741d-4e6b-ad32-557d751f9903
DHHS,2,9,59,RFA-DP-27-036,"Pilot Testing, Implementation, and Evaluation of the Cervical, Breast and Colorectal Cancer Clinical Decision Support Tools",HHS-CDC-HHSCDCERA,forecasted,2027-03-23,3625000,"state agency can apply, forecast (not yet posted) · required capabilities in-house or contracted · 174 days to deadline · ~$3.6M implied award · no cost share → Tier 2: needs supervisor or division",Cooperative agreement with a required evaluation,https://simpler.grants.gov/opportunity/5686905a-446f-4b0d-8885-e1683d35c3f4
DHHS,2,10,58,HRSA-27-041,Rural Communities Opioid Response Program - Evaluation,HHS-HRSA,forecasted,2027-03-23,5000000,"state agency can apply, forecast (not yet posted) · partner needed for research and rigorous evaluation · 174 days to deadline · ~$5.0M implied award · no cost share → Tier 2: needs supervisor or division","Needs research and rigorous evaluation, which DHHS reaches only through a partner; Cooperative agreement with a required evaluation",https://simpler.grants.gov/opportunity/44a089ce-dd0a-4cde-b6f4-c77d08d56a08
DHHS,2,11,58,HRSA-27-020,Infant-Toddler Court Program–National Resource Center,HHS-HRSA,forecasted,2027-04-21,6750000,"state agency can apply, forecast (not yet posted) · partner needed for workforce training and credentialing · 203 days to deadline · ~$6.8M implied award · no cost share → Tier 2: needs supervisor or division","Needs workforce training and credentialing, which DHHS reaches only through a partner",https://simpler.grants.gov/opportunity/910a75ad-0418-4091-a436-703280874498
DHHS,2,12,58,CDC-RFA-DP-27-0072,Promoting Population Health through Increased Capacity in Alcohol Epidemiology & the Prevention of Excessive Alcohol Use,HHS-CDC-NCCDPHP,forecasted,2027-04-30,1002916.66666667,"state agency can apply, forecast (not yet posted) · partner needed for research and rigorous evaluation · 212 days to deadline · ~$1.0M implied award · no cost share → Tier 2: needs supervisor or division","Needs research and rigorous evaluation, which DHHS reaches only through a partner",https://simpler.grants.gov/opportunity/6d44bb23-2a1f-4e12-8d72-c2b5b46195d4
DHHS,2,13,56,HRSA-27-023,"The Home Visiting Research, Improvement, Sustainability and Evaluation Center (HV-RISE)",HHS-HRSA,forecasted,2027-02-23,5000000,"state agency can apply, forecast (not yet posted) · partner needed for research and rigorous evaluation · 146 days to deadline · ~$5.0M implied award · no cost share → Tier 2: needs supervisor or division","Needs research and rigorous evaluation, which DHHS reaches only through a partner",https://simpler.grants.gov/opportunity/b9bdeaa2-068f-4aa9-960a-948c0b0a9bfd
DHHS,2,14,56,HRSA-27-042,Rural Communities Opioid Response Program - Community Systems Development,HHS-HRSA,forecasted,2027-04-06,500000,"state agency can apply, forecast (not yet posted) · required capabilities in-house or contracted · 188 days to deadline · ~$500K implied award · no cost share → Tier 2: needs supervisor or division",Requires funding and monitoring subrecipients,https://simpler.grants.gov/opportunity/02b2d236-f596-4aca-874d-b8e364156ddc
DHHS,2,15,56,CDC-RFA-PS-27-0011,"National Viral Hepatitis Education, Awareness, and Capacity Building for Communities and Providers",HHS-CDC-NCHHSTP,forecasted,2027-06-01,2750000,"state agency can apply, forecast (not yet posted) · partner needed for workforce training and credentialing · 244 days to deadline · ~$2.8M implied award · no cost share → Tier 2: needs supervisor or division","Needs workforce training and credentialing, which DHHS reaches only through a partner",https://simpler.grants.gov/opportunity/f931e3f2-28c6-4bcb-83ff-894bc6b2266c
DHHS,2,16,52,HRSA-27-021,Infant-Toddler Court Program–State Awards,HHS-HRSA,forecasted,2027-04-21,700000,"state agency can apply, forecast (not yet posted) · partner needed for workforce training and credentialing · 203 days to deadline · ~$700K implied award · no cost share → Tier 2: needs supervisor or division","Needs workforce training and credentialing, which DHHS reaches only through a partner",https://simpler.grants.gov/opportunity/3fe27753-0c94-4aa0-b7fb-09712631f269
DHHS,2,17,51,HRSA-27-014,Fiscal Year (FY) 2027 State and Regional Primary Care Association (PCA) Cooperative Agreements,HHS-HRSA,forecasted,2027-01-25,1461538.46153846,"state agency can apply, forecast (not yet posted) · partner needed for workforce training and credentialing; partner needed for emergency management · 117 days to deadline · ~$1.5M implied award · no cost share → Tier 2: needs supervisor or division","Needs workforce training and credentialing, which DHHS reaches only through a partner; Needs emergency management, which DHHS reaches only through a partner",https://simpler.grants.gov/opportunity/88f12b64-0fbc-44ea-a689-57ed9e9fb9dd
DHHS,2,18,50,CDC-RFA-CE-27-0039,Core State Injury Prevention Program (Core SIPP),HHS-CDC-NCIPC,forecasted,2027-03-08,1423076.92307692,"state agency can apply, forecast (not yet posted) · required capabilities in-house or contracted · 159 days to deadline · ~$1.4M implied award · no cost share → Tier 2: needs supervisor or division",Requires funding and monitoring subrecipients,https://simpler.grants.gov/opportunity/23b80a6d-ae96-4b02-b4ae-69093f8939d5
DHHS,2,19,50,CDC-RFA-PS-27-0061,Demonstration Projects for Whole-Person Health Models for Women Living with HIV in the South,HHS-CDC-NCHHSTP,forecasted,2027-03-15,2500000,"state agency can apply, forecast (not yet posted) · partner needed for research and rigorous evaluation · 166 days to deadline · ~$2.5M implied award · no cost share → Tier 2: needs supervisor or division","Needs research and rigorous evaluation, which DHHS reaches only through a partner; Requires funding and monitoring subrecipients; Cooperative agreement with a required evaluation",https://simpler.grants.gov/opportunity/06024144-a58a-42d8-8813-75357d9bb7fe
DHHS,2,20,50,DHS-26-MT-144-000-99,Fiscal Year 2026 Flood Mitigation Assistance Swift Current,DHS-DHS,posted,2028-01-31,,state agency can apply · required capabilities in-house or contracted · 488 days to deadline · award size not stated · cost share required (25% stated) → Tier 2: needs supervisor or division,Cost share required (25% stated): supervisor must approve match,https://simpler.grants.gov/opportunity/4802584e-01a8-4435-9ce9-710fbc85cba0
DHHS,2,21,45,RFA-OH-25-003,Occupational Safety and Health Training Project Grants (T03),HHS-CDC-HHSCDCERA,posted,2028-10-26,827586.206896552,state agency can apply · partner needed for workforce training and credentialing · 757 days to deadline · ~$828K implied award · no cost share → Tier 2: needs supervisor or division,"Needs workforce training and credentialing, which DHHS reaches only through a partner",https://simpler.grants.gov/opportunity/0731381f-f39a-4d8f-9f55-701eddc5273b
DHHS,2,22,38,HRSA-27-058,Health Workforce Research Center (HWRC),HHS-HRSA,forecasted,2027-03-09,450000,"state agency can apply, forecast (not yet posted) · partner needed for research and rigorous evaluation · 160 days to deadline · ~$450K implied award · no cost share → Tier 2: needs supervisor or division","Needs research and rigorous evaluation, which DHHS reaches only through a partner",https://simpler.grants.gov/opportunity/9accc70c-9683-4b78-bb7b-e8fdbcff1b47
DHHS,2,23,30,VA-GPD-FORECAST-FY2026-FY2028,GPD Grant Forecast,VA-HPGPDP,forecasted,,,"state agency can apply, forecast (not yet posted) · partner needed for housing stock or assistance · no deadline stated · award size not stated · no cost share → Tier 2: needs supervisor or division","Needs housing stock or assistance, which DHHS reaches only through a partner",https://simpler.grants.gov/opportunity/f3ba2089-bbc7-4029-8b05-d6d11354d6db
DHHS,3,1,74,HHS-2026-ACF-ECD-TP-0039,Preschool Development Grant Birth Through Five (PDG B-5) SMART Grant,HHS-ACF,forecasted,2026-11-17,8960000,"state agency can apply, forecast (not yet posted) · required capabilities in-house or contracted · 48 days to deadline · ~$9.0M implied award · cost share required (30% stated) → Tier 3: needs secretary or legislature",Cost share on a ~$9.0M award likely needs a state appropriation (line set at $1.0M); Requires a formal state designation (e.g. by the Governor); Cost share required (30% stated): supervisor must approve match,https://simpler.grants.gov/opportunity/8d272419-96d1-4898-9706-0d86a1e63c03
DHHS,3,2,66,HRSA-27-022,"Maternal, Infant, and Early Childhood Home Visiting Program (MIECHV)",HHS-HRSA,forecasted,2027-03-18,11614285.7142857,"state agency can apply, forecast (not yet posted) · partner needed for workforce training and credentialing · 169 days to deadline · ~$11.6M implied award · cost share required (percentage not published) → Tier 3: needs secretary or legislature","Cost share on a ~$12M award likely needs a state appropriation (line set at $1.0M); Needs workforce training and credentialing, which DHHS reaches only through a partner; Cost share required (percentage not published): supervisor must approve match",https://simpler.grants.gov/opportunity/f68cf378-43e2-49b9-a252-a7009c6b81cf
DHHS,3,3,56,PA-FPH-27-001,Title X Family Planning Services Grants,HHS-OPHS,posted,2027-01-11,2855555.55555556,state agency can apply · required capabilities in-house or contracted · 103 days to deadline · ~$2.9M implied award · cost share required (percentage not published) → Tier 3: needs secretary or legislature,Cost share on a ~$2.9M award likely needs a state appropriation (line set at $1.0M); Cost share required (percentage not published): supervisor must approve match; Requires funding and monitoring subrecipients,https://simpler.grants.gov/opportunity/770eae58-b245-4431-a4b8-7b1aca9e917f
DMVA,3,1,77,VA-GRANTS-112508-002,State Veterans Home Construction Grant Program,VA-CSHF,posted,,275000000,state agency can apply · partner needed for capital construction · no deadline stated · ~$275.0M ceiling · cost share required (35% stated) → Tier 3: needs secretary or legislature,"Cost share on a ~$275M award likely needs a state appropriation (line set at $1.0M); Capital construction project; Requires a formal state designation (e.g. by the Governor); Needs capital construction, which DMVA reaches only through a partner; Cost share required (35% stated): supervisor must approve match",https://simpler.grants.gov/opportunity/59462b36-6d05-4832-a628-427f72260f3d
DMVA,3,2,61,VA-GPD-FORECAST-FY2026-FY2028,GPD Grant Forecast,VA-HPGPDP,forecasted,,,"state agency can apply, forecast (not yet posted) · no route to behavioral health service delivery; partner needed for housing stock or assistance · no deadline stated · award size not stated · no cost share → Tier 3: needs secretary or legislature","Needs behavioral health service delivery, which DMVA has no route to; Needs housing stock or assistance, which DMVA reaches only through a partner",https://simpler.grants.gov/opportunity/f3ba2089-bbc7-4029-8b05-d6d11354d6db
