agency,capability_id,capability_label,control_level,notes,source_url,to_resolve
DHHS,clinical_service_delivery,Clinical service delivery,contracted,"Medical care is delivered through NC Medicaid Managed Care health plans and providers, not by DHHS staff",https://medicaid.ncdhhs.gov/tailored-plans,Amend or add a managed-care or provider contract (division-level decision)
DHHS,behavioral_health_delivery,Behavioral health service delivery,contracted,"LME/MCOs manage mental health, I/DD and substance use services under DHHS contracts; DHHS also runs state psychiatric hospitals directly",https://medicaid.ncdhhs.gov/providers/programs-and-services/behavioral-health-idd/lmemco-contracts-and-reports,Route through LME/MCO contract amendment
DHHS,long_term_care_operation,Long-term care facility operation,direct,Division of State Operated Healthcare Facilities runs developmental centers and Neuro-Medical Treatment Centers (CMS-certified skilled nursing),https://www.ncdhhs.gov/divisions/state-operated-healthcare-facilities/facilities,
DHHS,public_health_surveillance,Public health surveillance,direct,"Division of Public Health runs statewide surveillance, including NC DETECT behavioral health syndromic surveillance (DHHS Strategic Plan 2023-25, strategy G3.5.2, PDF p.15)",https://www.osbm.nc.gov/strategic-plan-ncdhhs/open,
DHHS,data_systems_interoperability,Data systems and interoperability,direct,"DHHS invests in enterprise data collection, integration and storage for staff and partners (DHHS Strategic Plan 2023-25, strategy G5.1.3, PDF p.19)",https://www.osbm.nc.gov/strategic-plan-ncdhhs/open,
DHHS,research_and_rigorous_evaluation,Research and rigorous evaluation,partner,"Independent evaluation is contracted to university partners, e.g. UNC Sheps Center evaluates the Medicaid 1115 waiver and Healthy Opportunities Pilots",https://medicaid.ncdhhs.gov/reports/quality-management-and-improvement/evaluation-medicaid-reform-demonstration,Letter of commitment or subcontract with a university evaluator
DHHS,housing_stock_or_assistance,Housing stock or assistance,partner,DHHS does not control housing stock; affordable units are reached through the NC Housing Finance Agency Targeting Program partnership,https://www.nchfa.com/rental-housing-partners/community-living-partners/community-living-programs,MOU or letter of support from NC Housing Finance Agency or a housing authority
DHHS,transportation_services,Transportation services,contracted,"Non-emergency medical transportation is provided by Medicaid health plans through transportation brokers, and by county DSS for Medicaid Direct",https://medicaid.ncdhhs.gov/nemt,Add scope to health-plan or broker contract
DHHS,workforce_training_credentialing,Workforce training and credentialing,partner,"Caregiving and early childhood workforce pipelines are built 'in collaboration with partners' (DHHS Strategic Plan 2023-25, Goal 4, PDF p.17); training delivery sits with community colleges and AHEC",https://www.osbm.nc.gov/strategic-plan-ncdhhs/open,Partnership agreement with community colleges or AHEC
DHHS,emergency_management,Emergency management,partner,NC Emergency Management is a division of the Department of Public Safety and coordinates all state agencies in emergencies,https://www.ncdps.gov/our-organization/emergency-management,Coordination agreement with NC Emergency Management (DPS)
DHHS,benefits_eligibility_administration,Benefits eligibility administration,partner,NC social services are state-supervised and county-administered: 100 county DSS agencies deliver benefits; DHHS supervises,https://www.ncdhhs.gov/divisions/social-services/about-dss/general-information,County DSS participation agreements
DHHS,capital_construction,Capital construction,partner,"Building projects are delivered with the NC Department of Administration (New NCDHHS Campus; DHHS Strategic Plan 2023-25, strategy G5.3.1, PDF p.20) and the State Construction Office",https://www.osbm.nc.gov/strategic-plan-ncdhhs/open,Capital appropriation and State Construction Office project
DHHS,laboratory_services,Laboratory services,direct,State Laboratory of Public Health provides medical and environmental testing,https://www.dph.ncdhhs.gov/programs/state-laboratory-public-health,
DHHS,subrecipient_network_management,Subrecipient network management,direct,DHHS manages contracts and reporting for LME/MCOs and supervises 100 county agencies,https://medicaid.ncdhhs.gov/providers/programs-and-services/behavioral-health-idd/lmemco-contracts-and-reports,
DMVA,clinical_service_delivery,Clinical service delivery,none,"DMVA program list includes benefits advocacy, veterans homes, cemeteries, scholarships and transition services; no clinical services",https://www.milvets.nc.gov/about-ncdmva,Partner with DHHS or the federal VA health system
DMVA,behavioral_health_delivery,Behavioral health service delivery,none,No behavioral health programs in DMVA's program list,https://www.milvets.nc.gov/about-ncdmva,Partner with DHHS behavioral health or the federal VA
DMVA,long_term_care_operation,Long-term care facility operation,contracted,State Veterans Homes are managed day to day by a private contractor (PruittHealth) under a state contract administered by DMVA; DMVA lists 5 homes,https://www.northcarolinahealthnews.org/2020/11/20/nc-commission-votes-to-extend-deal-for-private-management-of-states-veterans-nursing-homes/,Amend the veterans homes management contract
DMVA,public_health_surveillance,Public health surveillance,none,Not in DMVA's program list,https://www.milvets.nc.gov/about-ncdmva,Partner with DHHS Division of Public Health
DMVA,data_systems_interoperability,Data systems and interoperability,partner,"DMVA's own plan asks how retention data can be tracked across multiple agency systems (G1.O2 Priority Question, p.5)",https://www.milvets.nc.gov/about-ncdmva,Data-sharing agreement with partner agencies
DMVA,research_and_rigorous_evaluation,Research and rigorous evaluation,none,Not in DMVA's program list,https://www.milvets.nc.gov/about-ncdmva,Contract a university evaluator
DMVA,housing_stock_or_assistance,Housing stock or assistance,partner,DMVA connects veterans to resources but does not provide housing; housing reached through community partners,https://www.milvets.nc.gov/services,MOU with housing providers or NC Housing Finance Agency
DMVA,transportation_services,Transportation services,none,Not in DMVA's program list,https://www.milvets.nc.gov/about-ncdmva,Partner with DOT or local transit
DMVA,workforce_training_credentialing,Workforce training and credentialing,partner,"Talent pipeline built by partnering with state agencies, veteran employment programs and NC higher education (DMVA Strategic Plan 2025-29, G4.O2, PDF p.11)",https://www.osbm.nc.gov/strategic-plan-dmva/download?attachment,Partnership with NCWorks or community colleges
DMVA,emergency_management,Emergency management,none,Not in DMVA's program list,https://www.milvets.nc.gov/about-ncdmva,Coordinate with NC Emergency Management (DPS)
DMVA,benefits_eligibility_administration,Benefits eligibility administration,direct,"12 Veterans Service Centers with accredited Veterans Service Officers prepare, submit and track benefit claims",https://www.milvets.nc.gov/benefits-services/benefits-claims,
DMVA,capital_construction,Capital construction,partner,"Veterans homes modernization runs through the State Construction Office Facilities Condition Assessment Program (DMVA Strategic Plan 2025-29, G2.O1, PDF p.7)",https://www.osbm.nc.gov/strategic-plan-dmva/download?attachment,Capital appropriation and State Construction Office project
DMVA,laboratory_services,Laboratory services,none,Not in DMVA's program list,https://www.milvets.nc.gov/about-ncdmva,Contract a laboratory
DMVA,subrecipient_network_management,Subrecipient network management,none,No subgrant programs in DMVA's program list,https://www.milvets.nc.gov/about-ncdmva,Build subaward administration capacity (new staff)
