opportunity_number,opportunity_title,issuing_agency,agency_code,status,has_full_announcement,grants_gov_link,abstract,human_administrable,human_domain,human_align_dhhs,human_align_dmva,human_match_required,human_capabilities,human_subrecipient,human_evaluation,human_capital,human_designation,human_renewal,human_population,human_division,labeler_initials,notes
CDC-RFA-CE-27-0024,Comprehensive Suicide Prevention Program for States,Centers for Disease Control - NCIPC,HHS-CDC-NCIPC,Forecasted,FALSE,https://simpler.grants.gov/opportunity/3c36bc50-73ae-42ad-a727-fae640dad5c9,"This forecast is for CDC's Comprehensive Suicide Prevention Program for States, a cooperative agreement intended to support implementation and evaluation of a comprehensive public health approach to suicide prevention in the United States. Funded recipients will focus on one or more Focus Prevention Areas (FPAs), groups or settings identified through available data as experiencing a significant suicide burden, higher suicide morbidity or mortality rates or emerging suicide-related trends. Examples may include veterans, people living in rural areas, youth, older adults, men, and members of occupational groups at elevated risk, such as construction, agriculture and public safety workers. Recipients will use timely and relevant data to identify FPAs, understand contributors to suicide and suicidal behavior, monitor emerging trends, and guide prevention planning and response. Recipients will also assess existing suicide prevention programs and gaps in their jurisdiction, strengthen and coordinate multi-sector partnerships, select and implement complementary prevention strategies and approaches with the best available evidence from CDC's Suicide Prevention Resource for Action and communicate programmatic and surveillance findings, progress, successes and lessons learned to partners and other key audiences. The comprehensive approach is expected to include partnership development, data use, an asset and gap inventory, implementation of evidence-informed strategies or approaches, ev",,,,,,,,,,,,,,,
CDC-RFA-CE-27-0039,Core State Injury Prevention Program (Core SIPP),Centers for Disease Control - NCIPC,HHS-CDC-NCIPC,Forecasted,FALSE,https://simpler.grants.gov/opportunity/23b80a6d-ae96-4b02-b4ae-69093f8939d5,"This forecast is for CDC's Core State Injury Prevention Program (Core SIPP), a cooperative agreement to support public health infrastructure, data, and partnerships to use data to identify potential risk and inform the implementation of strategies to prevent unintentional injury. Actions using the best available evidence are intended to increase protective factors and reduce risk factors for injuries and death. This approach includes engaging in robust state-based data and surveillance and strengthening strategic collaborations and partnerships. The overall goal of this approach is to inform public health action for injury prevention. Recipients will focus on traumatic brain injury, older adult falls, and drowning, and are encouraged to examine their data to address identified priority injury topics of local concern that recipients do not currently receive CDC funding to address (e.g., transportation safety). Key outcomes include increased knowledge and use of emerging data sources, increased knowledge and translation of data, increased dissemination of surveillance data, increased community partnerships, and enhanced multi-sector partnerships. Additional outcomes include enhanced access to data and systems, increased use of data to identify populations with high rates of injury, increased capacity to strengthen communities, sustained injury prevention public health actions, increased adoption of continuous quality improvement practices, and strengthened coordination among pa",,,,,,,,,,,,,,,
CDC-RFA-CE-27-0052,Preventing Violence Affecting Young Lives (PREVAYL 2.0),Centers for Disease Control - NCIPC,HHS-CDC-NCIPC,Forecasted,FALSE,https://simpler.grants.gov/opportunity/f2ea8925-6244-47e8-8de5-ffe0007096e7,"The purpose of this NOFO is to provide multiyear funding to state, territorial, tribal, and local health departments to implement and evaluate comprehensive primary prevention strategies that prevent multiple forms of violence and promote healthy development among adolescents and young adults. Building on the prior PREVAYL cooperative agreement, this NOFO emphasizes: Improving data-driven decision-making , including surveillance, data linkage, and use of real-time data for prevention, evaluation and implementation science Building capacity and strengthening implementation and reach of evidence-based prevention strategies that address shared risk and protective factors Advancing whole-child and whole-community violence prevention approaches that integrate youth mental health and family support strategies Engaging in strategic collaboration through multisector partnerships to facilitate youth engagement, and build and support a skilled violence prevention workforce Prioritizing primary prevention of multiple forms of violence impacting youth including interpersonal violence, intimate partner/teen dating violence, bullying, community-based violence, online/technology-facilitated violence, and adverse childhood experiences (ACEs)",,,,,,,,,,,,,,,
CDC-RFA-DD-26-0222,Long-term health outcomes of people living with spina bifida,Centers for Disease Control - NCBDDD,HHS-CDC-NCBDDD,Forecasted,TRUE,https://simpler.grants.gov/opportunity/5f45c3a4-a418-4723-948a-6643b32cba1a,"The purpose of component A (8-11 awardees) of this NOFO is to collect high-quality longitudinal data on children and adults with spina bifida (SB) who receive care in specialized spina bifida clinics participating in the National Spina Bifida Patient Registry (NSBPR). The purpose of component B (6-8 awardees) is to implement and evaluate the Urologic Management to Preserve Initial Renal Function Protocol for Young Children with Spina Bifida (UMPIRE) iterative protocol which aims to improve the management of the urinary and kidney systems in infants and young children with myelomeningocele. Building on existing longitudinal data collection, recipients will continue to collect data on patients with SB to better understand health outcomes after interventions and treatments, analyze the data and share findings to identify opportunities for improvement of care. An additional objective for Component B is to finalize the UMPIRE protocol for children 0-10 years old with myelomeningocele. Sources of data are specialty clinics that care for pediatric and adult patients with SB",,,,,,,,,,,,,,,
CDC-RFA-JG-26-0043,Expanding global health security through local partnerships in Nigeria,Centers for Disease Control-GHC,HHS-CDC-GHC,Posted,TRUE,https://simpler.grants.gov/opportunity/790f847d-65a1-4a11-949a-b239a1b4d4d4,"The purpose of this NOFO is to strengthen International Health Regulations (IHR) (2005) capacities of the Nigeria Centre for Disease Control and Prevention (NCDC); other Government of Nigeria ministries, departments, and agencies (MDAs) relevant to the implementation of multi-sectoral response efforts of the IHR; and sub-national public health institutions, such as State Ministries of Health and local government authorities. NCDC recently completed its second Joint External Evaluation (JEE) in 2023 and has shown significant improvement from the first JEE in 2017, however several gaps remain. Strengthening NCDC and MDAs health systems and workforce management capacity will further support Nigeria""s ability to work collaboratively using a multisectoral approach to implement the IHR. Strengthening sub-national capacities can improve detection and response to health threats at the local level where they occur.",,,,,,,,,,,,,,,
CDC-RFA-JG-26-0051,Strengthening global health security in India to contain public health threats and accelerate outbreak response,Centers for Disease Control-GHC,HHS-CDC-GHC,Posted,TRUE,https://simpler.grants.gov/opportunity/cd0b0182-3083-4c13-a1e6-0519c0d4dd1b,"This NOFO""s purpose is to support district, state and national public health systems in India to advance GHSA priorities to prevent, detect and respond to infectious disease threats. CDC will work with the Government of India (GoI) to strengthen capacity to control disease outbreaks at their source and neutralize public health threats. This NOFO will augment and increasingly transition CDC-supported GHSA initiatives to GoI institutions including the National Centre for Disease Control, National Health Mission, Indian Council of Medical Research, National Disaster Management Authority, National Institute of Disaster Management and All Indian Institute of Medical Science. The core aim is to enhance India""s public health capacity through a One Health approach in alignment with the International Health Regulations in five key areas: 1) public health workforce; 2) disease surveillance; 3) laboratory systems; 4) emergency preparedness and response; and 5) antimicrobial resistance.",,,,,,,,,,,,,,,
CDC-RFA-JG-26-0052,Expanding global health security though local partnerships in Tanzania,Centers for Disease Control-GHC,HHS-CDC-GHC,Posted,TRUE,https://simpler.grants.gov/opportunity/93496b21-4bb1-4f90-a26c-6068420af24f,"CDC is working with the Tanzania government to meet key International Health Regulations requirements through implementation of the Global Health Security Agenda (GHSA). Tanzania completed the Joint External Evaluation and launched a costed National Action Plan for Health Security based on a multi-sectorial approach. This NOFO supports programs/activities in the following areas: strengthening biosurveillance systems networked to information sharing platforms to predict and identify health threats, including at points of entry; expanding emergency capacity through national and subnational emergency operation centers; enhancing national laboratory capabilities and applying biosafety and biosecurity best practices for accurate, and reliable detection of outbreaks, antimicrobial resistance and emerging zoonotic diseases; increasing timely and transparent reporting of disease emergencies and threats to relevant national and international authorities; and developing a functional biosurveillance workforce with trained disease detectives and laboratory scientists.",,,,,,,,,,,,,,,
DHS-26-MT-041-00-99,FY26 National Dam Safety Program State Assistance Program,Department of Homeland Security - FEMA,DHS-DHS,Posted,TRUE,https://simpler.grants.gov/opportunity/b98a1b7e-e629-4248-9ed7-d23a52072f29,"The National Dam Safety Program (NDSP) is a partnership of states, federal agencies, and other stakeholders to promote the establishment and maintenance of effective federal and state dam safety programs to reduce the risk to human life, property, and the environment from dam related hazards.",,,,,,,,,,,,,,,
DHS-26-NPD-107-00-01,Fiscal Year 2026 National Incident Management System (NIMS),Department of Homeland Security - FEMA,DHS-DHS,Posted,TRUE,https://simpler.grants.gov/opportunity/cf7687ca-0614-44a6-8f46-08723d8df092,"The purpose of the Fiscal Year (FY) 2026 NIMS Cooperative Agreement is to support EMAC, which is a congressionally ratified mutual aid compact (Pub. L. No. 104-321). The “purpose of the compact is to provide for mutual assistance between the states entering into the compact in managing any emergency disaster that is duly declared by the Governor of the affected state, whether arising from natural disaster, technological hazard, man-made disaster, civil emergency aspects of resources shortages, community disorders, insurgency or enemy attack.” The FY 2026 NIMS Cooperative Agreement The NIMS-EMAC NOFO addresses the challenge of closing funding gaps for EMAC operations, ensuring a swift and coordinated response to emergent threats and disasters. The success of EMAC rests on sustaining, maintaining and improving its operational capability and the capabilities and implementation of its members. It seeks to solve the problem of fragmented emergency management efforts by strengthening interconnectivity and collaboration between federal agencies and non-federal partners. The NIMS-EMAC NOFO supports Mission 5: Build a Resilient Nation and Respond to Incidents, Objective 5.2: Strengthen National Resilience, and Objective 5.4: Enhance Training and Readiness of First Responders, of the DHS 2023 Quadrennial Homeland Security Review (QHSR). Specifically, it aims to streamline the integration and coordination of resources during crises, allowing for quicker adaptation and mobilization acros",,,,,,,,,,,,,,,
F26AS00104,F26AS00104 State ANS Management Plan 2026,Fish and Wildlife Service,DOI-FWS,Posted,TRUE,https://simpler.grants.gov/opportunity/9aa9be7d-7f39-4546-ab9f-05aae6fac967,"This Notice of Funding Opportunity requests pre-proposals, and then later full applications, for the implementation of State and Interstate Aquatic Nuisance Species Management Plans (SIANSMP) that have been approved by the Aquatic Nuisance Species Task Force (ANSTF) as per Section 4724 (b)(3)(a) of the Nonindigenous Aquatic Nuisance Prevention and Control Act of 1990 as amended (16 U.S.C. 4701-4741). These plans identify activities needed to prevent introductions and spread, and eliminate or reduce the risks associated with, aquatic nuisance species, as part of the broader objective of moving towards a nationally coordinated aquatic invasive species program.The grant process includes a pre-proposal review that occurs outside GrantSolutions. After receiving approval of pre-proposals, eligible applicants can complete the full application process within GrantSolutions. The grant program includes a 25% cost-share (of total project costs) and a 5% limit on administrative costs.",,,,,,,,,,,,,,,
FHWA-BOLL-26-001,FY26 - Stopping Threats On Pedestrian Competitive Grant Program (Bollards),DOT Federal Highway Administration,DOT-FHWA,Posted,TRUE,https://simpler.grants.gov/opportunity/660c088d-5d0d-4e79-aefd-0a771ac8943a,"The purpose of the Bollards Competitive Grant Program is to provide funding for bollard installation projects designed to prevent pedestrian injuries and acts of terrorism in areas used by large numbers of pedestrians. Eligible applicants under the Bollards Competitive Grant Program are State Departments of Transportation (State DOTs) and local government entities such as any city, county, town, parish, village, or other general-purpose political subdivision of a State). The Bollards Competitive Grant Program allows for the Federal share of the project to be 100 percent. Please refer the ""Related Documents"" tab in Grants.gov for the full text of the NOFO.",,,,,,,,,,,,,,,
FOR-FD-23-006,FDA OMHHE Convener for Racial & Ethnic minority Acceleration Consortium for Health Equity (REACH),Food and Drug Administration,HHS-FDA,Forecasted,FALSE,https://simpler.grants.gov/opportunity/5eee2aa1-5761-4fdb-a0d0-835245a05a86,"The goal of this FOA is to support a convener for FDA OMHHE's Racial & Ethnic minority Acceleration Consortium for Health Equity (REACH). REACH, supported through a separate FOA, will consist of 5-8 multi-project cooperative agreement (U01) awardees that will strengthen and advance minority health and health equity regulatory needs by supporting communications, research, and collaboration on diseases and conditions that disproportionately impact racial and ethnic minority populations, as well as prepare for and proactively respond to existing/emerging threats that impact racial and ethnic minority and other underrepresented or undeserved communities. The REACH convener supported by this FOA will be responsible for: coordinating cross-REACH data integration, analysis, and visualization; coordinating convening, workshops, and fostering collaborations amongst REACH investigators by managing the REACH subcommittees and an infrastructure to support collaborative studies.",,,,,,,,,,,,,,,
FOR-FD-23-027,Data Standards for Tobacco Research and Scientific Review Phase 2,Food and Drug Administration,HHS-FDA,Forecasted,FALSE,https://simpler.grants.gov/opportunity/09d605ff-216d-436e-94b6-cb9cc5aaf868,"To support high-quality tobacco research, streamline scientific review, and evaluation, and ultimately, improve public health outcomes related to tobacco use, the Center for Tobacco Products (CTP) at the Food and Drug Administration (FDA) is welcoming applications for data standards and terminologies development projects. The primary objective is to support open, consensus-based, data standards for use in studies of tobacco products. Secondary objective is to promote and educate federal regulators, tobacco industry, and global organizations on the use of standardized data to facilitate data sharing, integration, and analysis. Projects may focus on solutions to data standards and terminologies development and implementation challenges and/or on specific concepts, domains, or areas where standardization is needed.",,,,,,,,,,,,,,,
FOR-FD-24-002,Developing PBPK Model-Based Mechanistic IVIVCs for Long Acting Injectable Suspensions and Implants (U01) Clinical Trial Optional,Food and Drug Administration,HHS-FDA,Forecasted,FALSE,https://simpler.grants.gov/opportunity/d0033870-c493-41da-a2e3-98e2e341ea90,"The objective of this research proposal is to develop physiologically based pharmacokinetic (PBPK) model-based mechanistic in vitro in vivo correlations (IVIVCs) for two major types of long acting injectables (LAIs) such as crystalline suspensions and polymer-based implants by considering their distinct characteristics. The goal of the project is to develop a bottom-up mechanistic PBPK model for these two LAI categories by accounting for the influence of critical formulation attributes of each LAI drug product type to predict its in vivo release mechanism. The model formulation parameters and relevant physiology should be informed with suitable in vitro and in vivo experiments. A suitable preclinical animal model can be used to validate the PBPK model based IVIVCs for both LAI suspensions and polymer based implants. The use of PBPK modelling provides a unique opportunity to understand how the physicochemical properties of drug molecules/polymer, implant specific properties, critical formulation attributes, and physiology, among other things, influence the in vivo release mechanisms of LAI drug products and their disposition characteristics. Moreover, once developed, a mechanistic PBPK model can help to define the 'safe space' for critical formulation attributes relevant to the reference listed drug (RLD) product, explain sources of PK variability and extrapolate predictions to human subjects by leveraging animal model data and by accounting for species-specific physiological ",,,,,,,,,,,,,,,
FOR-FD-24-005,Improving Predictability of Food-Drug and Drug-Drug Interaction Risks by Utilizing In Vitro Simulated Gastrointestinal Dissolution Model for High-Risk Oral Drug Products (U01) Clinical Trial Optional,Food and Drug Administration,HHS-FDA,Forecasted,FALSE,https://simpler.grants.gov/opportunity/414f228f-fdfb-406d-bdf5-89bbb2bf9602,"The purpose of this funding opportunity is to examine the utility of an in vitro simulated gastrointestinal (GI) dissolution model for the assessment of in vitro performance of amorphous solid dispersion (ASD) drug products under different clinically relevant conditions. The goal is to develop and validate the in vitro mechanistic methodology to provide an improved understanding of impact of food and acid reducing agents on the absorption for test and reference listed drug (RLD) drug products, taking into consideration their potentially different formulations and manufacturing. The bio predictive in vitro mechanistic methodology is intended to correlate the in vitro observations to in vivo outcomes, help define types of in vivo bioequivalence (BE) studies needed for ASD drug products, and inform regulatory decision-making related to mitigating the risk of potential failure modes for therapeutic equivalence for high-risk generic oral drug products.",,,,,,,,,,,,,,,
FOR-FD-24-008,Identification and Evaluation of Possible Approaches to Addressing Nitrosamine Impurities in Drugs (U01),Food and Drug Administration,HHS-FDA,Forecasted,FALSE,https://simpler.grants.gov/opportunity/cd0c6205-ae0e-44fd-adf9-44db71b94674,"The Food and Drug Administration's (FDA), Center for Drug Evaluation and Research (CDER), Office of New Drugs (OND), is announcing this Funding Opportunity Announcement (FOA) for a Cooperative Agreement. The proposed work directly supports the U.S. FDA’s stated goal of protecting public health from unacceptable risks from nitrosamine impurities in human drugs. Although significant experimental and policy/regulatory initiatives have been undertaken in this area, there remains a need for further research into and development and refinement of translational and implementable practices that will protect the public against nitrosamine risks while ensuring continued safe access to critical therapeutic drugs. The aim is to improve the safety of human drugs with potential nitrosamine impurity liabilities. In addition to the work outlined above, the award recipient will assess how best to ensure that this research and practices development continues among industry members, non-profits, and/or academic institutions once the FDA funding for this cooperative agreement ends.",,,,,,,,,,,,,,,
FOR-FD-24-011,Cooperative Agreement for Long Term Data Collection on Antimicrobial Use in Animals (U01) Clinical Trial Not Allowed,Food and Drug Administration,HHS-FDA,Forecasted,FALSE,https://simpler.grants.gov/opportunity/b44a8dff-ef17-4fc5-8f00-2526c8cce87f,"FDA announces the availability of fiscal year (FY) 2024 funds to support one or more projects to 1) collect antimicrobial use data from diverse animal sectors, including domestic livestock, poultry, companion animals (dogs, cats, and horses), and minor species (e.g., fish, sheep, goats, etc.) and 2) contribute to the development of data collection frameworks, including providing data and expertise as resources and a public-private partnership frameworks are established. This grant will support the continued advancement of FDA's initiatives to support antimicrobial stewardship in veterinary settings. It will also support the National Action Plan objectives to engage the animal health community and relevant stakeholders to advance strategies intended to improve understanding of antimicrobial use and foster antimicrobial stewardship in animal agriculture.",,,,,,,,,,,,,,,
FOR-FD-24-013,Minor Use Minor Species Development of Drugs (R01),Food and Drug Administration,HHS-FDA,Forecasted,FALSE,https://simpler.grants.gov/opportunity/bf898dfb-a35c-4bd9-8f8e-3da26d712b74,"This Notice of Funding Opportunity (NOFO) is issued by the Food and Drug Administration (FDA), Center for Veterinary Medicine (CVM), and solicits Research Project (R01) grant applications from institutions or organizations that propose to develop or support the development of designated new animal drugs intended for minor uses in major species or for use in minor species (MUMS). The FDA is authorized to provide grants to assist in defraying the costs of qualified safety and effectiveness testing that could be used to satisfy the requirements for FDA approval of MUMS-designated drugs. Only entities developing drugs for veterinary use or parties working as research partners with such entities are eligible for grants. The organization (or applicant) seeking approval of the new animal drug under investigation must have opened an Investigational New Animal Drug (INAD) file with FDA/CVM and must hold a minor use or minor species ""designation"" granted by FDA/CVM's Office of Minor Use and Minor Species Animal Drug Development (OMUMS) for that drug for a specified intended use, in accordance with the provisions of section 573 of the Food, Drug and Cosmetic Act (21 U.S.C. 360ccc-2) and 21 CFR part 516. FDA/CVM's Office of New Animal Drug Evaluation (ONADE) must have reviewed and concurred with the proposed study protocol before an applicant can submit a grant application.",,,,,,,,,,,,,,,
FOR-FD-25-006,Studies Addressing Rare Neurodegenerative Diseases including ALS,Food and Drug Administration,HHS-FDA,Forecasted,FALSE,https://simpler.grants.gov/opportunity/d11d69d2-58da-41ad-a298-1dfc10877bf8,"The purpose of this funding opportunity announcement (FOA) is to support studies that advance medical product development of interventions intended to prevent, diagnose, mitigate, treat, or cure ALS and other rare neurodegenerative diseases in adults and children. Through the support of these studies, FDA expects to address critical knowledge gaps, exert a significant impact on rare neurodegenerative diseases, and to inform current or future product development.",,,,,,,,,,,,,,,
FOR-FD-25-011,Health Equity Innovation Award: Enhance Equity Funding Opportunity (U01) Clinical Trials Not Allowed,Food and Drug Administration,HHS-FDA,Forecasted,FALSE,https://simpler.grants.gov/opportunity/244cf955-4008-424f-9704-2fe634e8eeb9,"The purpose of this notice of funding opportunity (NOFO) is to fund innovative research that will strengthen and advance minority health and health equity objectives. Areas of interest include: Proposals that focus on advancing equity in clinical trials by supporting efforts to advance diversity in clinical trials, equitable data efforts by increasing data available on diverse groups including, but not limited to, ethnicity, race, age, disability and geography, and equity of voices by increasing understanding of diverse patient perspectives, preferences, and unmet needs.",,,,,,,,,,,,,,,
GR-RCE-25-001,RESTORE Act Centers of Excellence Research Grants Program,U.S. Dept. of Treasury RESTORE Act Program,USDOT-GCR,Posted,FALSE,https://simpler.grants.gov/opportunity/98df19d3-203c-48aa-89dc-e8457f0a48ea,"Treasury is publishing multiple funding opportunity notices for its RESTORE Act grant programs. This announcement applies only to the Centers of Excellence Research Grants Program.Trust Fund amounts are available to establish one or more Centers of Excellence through competitive subawards to nongovernmental entities and consortia in the Gulf Coast Region, including institutions of higher education. Funds may be used to establish Centers of Excellence, and by those Centers of Excellence for science, technology, and monitoring in one or more of the following disciplines as described in the RESTORE Act and Treasury’s implementing regulations at 31 CFR 34.704: 1) Coastal and deltaic sustainability, restoration, and protection, including solutions and technology that allow citizens to live in a safe and sustainable manner in a coastal delta in the Gulf Coast Region. 2) Coastal fisheries and wildlife ecosystem research and monitoring in the Gulf Coast Region. 3) Offshore energy development, including research and technology to improve the sustainable and safe development of energy resources in the Gulf of Mexico. 4) Sustainable and resilient growth, economic and commercial development in the Gulf Coast Region. 5) Comprehensive observation, monitoring, and mapping of the Gulf of Mexico.Eligible applicants issuing subawards to Center(s) of Excellence must establish and implement a program to monitor compliance with its subaward agreements.",,,,,,,,,,,,,,,
HHS-2026-ACF-ACYF-AP-0003,Personal Responsibility Education Innovative Strategies (PREIS),Administration for Children & Families - ACYF/FYSB,HHS-ACF-FYSB,Posted,TRUE,https://simpler.grants.gov/opportunity/0f7454eb-e5b6-458a-86eb-4d874a9f9d8f,"The Personal Responsibility Education Program-Innovative Strategies (PREIS) builds the evidence base for adolescent pregnancy prevention interventions that are effective with high risk and vulnerable youth populations and addresses gaps with new promising program models. PREIS funds rigorous impact evaluations of innovative youth pregnancy prevention interventions that target services to high-risk, vulnerable, and culturally under-represented youth populations, including youth in foster care/child welfare settings, juvenile justice, victims of trafficking, youth who have runaway or experience homelessness, youth with HIV/AIDS, expectant youth who are under 21 years of age and their partners, parenting youth who are under 21 years of age and their partners, and youth residing in areas with high birth rates for youth. Projects must implement at least three of the six congressionally mandated adulthood preparation subjects (APS) which include: 1) healthy relationships, 2) adolescent development, 3) financial literacy, 4) parent-child communication, 5) educational and career success, and 6) healthy life skills. Projects are required to conduct rigorous impact evaluations (randomized controlled trials or quasi-experimental design studies with assignment to treatment or control group). PREIS evaluations must be conducted by an independent, third-party evaluator.Interventions to be evaluated under this funding opportunity are expected to have compelling, positive preliminary evidenc",,,,,,,,,,,,,,,
HHS-2026-ACF-ACYF-CO-0040,Technology Enhanced Adoptive Family Recruiting and Matching,Administration for Children and Families - ACYF/CB,HHS-ACF-CB,Posted,TRUE,https://simpler.grants.gov/opportunity/14e416ba-c983-42f9-be72-003e5f8b4a28,"This program will fund projects focused on technology-enabled strategies that improve adoptive matching, placement, and permanency for children in foster care awaiting adoption. The funds, awarded to four regional centers, will be used to design, implement and evaluate these strategies.These centers will focus on children with an adoption permanency goal or who are legally free for adoption due to child welfare involvement. Centers will partner with state, territorial, tribal, and local child welfare agencies and courts to develop secure, accessible technology solutions that improve how families are matched with children in need of permanent homes. Proposed solutions must be interoperable with existing systems and may include tools such as data-informed recruitment support, AI-assisted matching, and predictive analytics.Each center will strengthen data infrastructure, support continuous quality improvement, and develop scalable resources that jurisdictions nationwide can adopt. ACF will define four national service regions to ensure full U.S. coverage. Centers will provide regional innovation support, training, technical assistance, and dissemination of best practices while collaborating nationally on shared learning.Applicants will be expected to demonstrate measurable improvements in match timeliness, placement stability, and adoption finalization outcomes.",,,,,,,,,,,,,,,
HHS-2026-ACF-ACYF-CT-0062,Fingerprinting Infrastructure Modernization for Child Welfare,Administration for Children and Families - ACYF/CB,HHS-ACF-CB,Posted,TRUE,https://simpler.grants.gov/opportunity/b935d7a2-7fa9-4281-9364-40351b8c4302,"This program supports state and tribal child welfare agencies in modernizing fingerprinting and background check infrastructure to accelerate the safe placement of children into family homes. By investing in mobile fingerprinting and office-based Live Scan stations, the initiative addresses critical delays that prevent timely caregiver approval and placement.Funded activities focus on expanding access to fingerprinting services while integrating fingerprint collection into existing child welfare workflows such as home visits and office-based licensing processes. In parallel, the program supports system modernization efforts that reduce or eliminate barriers in background check processing. These improvements are designed to enhance efficiency, ensure compliance with federal requirements, and reduce administrative burden.The expected measurable outcomes include significantly reduced turnaround times for fingerprint-based background checks, increased availability and accessibility of qualified caregivers, and improved capacity for agencies to place children more quickly in safe, stable, and nurturing homes. This program supports the ACF's A Home for Every Child initiative by aligning infrastructure investments with operational needs, advancing broader efforts to strengthen child welfare systems, increasing placement stability, and expanding the pool of approved kinship, foster, and adoptive families.",,,,,,,,,,,,,,,
HRSA-27-039,Radiation Exposure Screening and Education Program,Health Resources and Services Administration,HHS-HRSA,Forecasted,FALSE,https://simpler.grants.gov/opportunity/188aac01-0056-4dd0-9bde-54cf6ddf113c,This program supports organizations to screen and educate people exposed to radiation related to the mining of uranium and U.S. testing of nuclear weapons.,,,,,,,,,,,,,,,
HRSA-27-048,Rural Health Network Development Planning Program,Health Resources and Services Administration,HHS-HRSA,Forecasted,FALSE,https://simpler.grants.gov/opportunity/01a1f3ea-fac9-40f9-8414-6aa74edc8a21,"The Rural Health Network Development Planning Program supports the planning and development of rural integrated health care networks with specific focus on collaboration of entities to establish or improve local capacity and care coordination in underserved communities. Specifically, the program uses the concept of developing networks as a strategy for linking rural health care network participants together to achieve greater collective capacity to overcome local challenges, expand access and improve the quality of care in the rural communities these organizations serve. The program helps network participants work together on three legislative aims: • Achieve efficiencies. • Expand access to, coordinate, and improve the quality of basic health care services and associated health outcomes. • Strengthen the rural health care system as a whole. The intent is that rural health networks will do the following: • Expand access to care. • Increase the use of health information technology. • Explore alternative health care delivery models. • Continue to achieve quality health care across the continuum of care.",,,,,,,,,,,,,,,
HRSA-27-057,Family-to-Family Health Information Centers (F2F HIC),Health Resources and Services Administration,HHS-HRSA,Forecasted,FALSE,https://simpler.grants.gov/opportunity/b9befe54-117a-40b1-ba53-91ec6954b1c8,"The purpose of this program is to provide information, education, technical assistance, and peer support to families of children and youth with special health care needs (CYSHCN) and the professionals who serve them so that CYSHCN and their families can better navigate complex systems to receive needed services and improve their health and well-being.",,,,,,,,,,,,,,,
HRSA-27-072,Women's Initiative for Screening and Health (WISH),Health Resources and Services Administration,HHS-HRSA,Forecasted,FALSE,https://simpler.grants.gov/opportunity/b9c2ac9d-d8f0-45eb-9c6e-3b7446d01802,"The purpose of Women's Initiative for Screening and Health (WISH) is to improve women’s health across the lifespan by increasing access to and availability of preventive health services. Through a multidisciplinary coalition of healthcare providers, academic institutions, and patient-centered organizations, WISH drives a comprehensive strategy to: (1) review and recommend evidence-based updates to the HRSA-supported women’s preventive service guidelines (Guidelines), (2) raise awareness and knowledge of the (Guidelines), and (3) increase adoption and use of the Guidelines in clinical practice.",,,,,,,,,,,,,,,
HSG-2600-DC-0033,Comprehensive Housing Counseling (CHC) and the Housing Counseling Training (HCT) NOFO (FY2026),Department of Housing and Urban Development,HUD,Forecasted,FALSE,https://simpler.grants.gov/opportunity/4dd9dfaf-b0da-4193-b312-74e1dc62db30,"The purpose of HUD’s Housing Counseling Grant Program is to provide funds to HUD-approved housing counseling agencies that provide counseling and advice to tenants and homeowners, with respect to property maintenance, financial management and literacy, and other matters as may be appropriate to assist program clients in improving their housing conditions, meeting their financial needs, and fulfilling the responsibilities of tenancy or homeownership. This NOFO plays an integral role in helping individuals and families obtain housing and stay in their homes through sustainable homeownership or affordable rental housing. Housing counseling agencies are an important safeguard in the prevention of housing scams and discrimination and serve as an important gateway to local, state, federal and private housing assistance and resources.",,,,,,,,,,,,,,,
L26AS00047,FY26 Bureau of Land Management Forest and Woodlands Resource Management - Bureau Wide,Bureau of Land Management,DOI-BLM,Posted,TRUE,https://simpler.grants.gov/opportunity/f2a87c7a-bc0d-418e-8cf8-91335c2653bc,"Priority activities under this announcement include projects that support Executive Order (EO) 14225 Immediate Expansion of American Timber Production and Section 50301 of The One Big Beautiful Bill. This program focuses on activities that promote forest and woodland health, sustainable forest management, fire resiliency, biomass utilization for bioenergy, habitat conservation needs, and insect, disease and fire recovery on public lands. These activities could include, but are not limited to: planting trees, pre-commercial and commercial thinning, salvage/sanitation harvest, control of competing vegetation, fuels reduction, project development and layout, planning analysis and document preparation needed in concert with or to carry out NEPA, and Endangered Species Act or cultural clearances.",,,,,,,,,,,,,,,
L26AS00061,FY26 Bureau of Land Management Fuels Management and Community Fire Assistance - Bureau wide      ,Bureau of Land Management,DOI-BLM,Posted,TRUE,https://simpler.grants.gov/opportunity/43c3e023-73e7-4018-9540-100432cacb21,"Wildland Fire Fuels Management and Community Assistance Program activities embody strategic investments in managing vegetation by reducing the intensity, severity, or negative effects of wildfire. These initiatives provide cost-effective benefits to the American people, help maintain and support communities in becoming fire adapted. Program activities include developing local capacities through assessment and planning, community and homeowner mitigation efforts, and implementation of fuels management treatments and activities. This involves training, monitoring, or implementing/maintaining fuels management on federal land or adjacent non-federal land to benefit federal resources, as well as assisting with wildfire prevention to mitigate risks to communities and their values. Additionally, the Bureau of Land Management (BLM) has an opportunity to collaborate with partner organizations to support these efforts, reducing the intensity, severity, risk, and impact of catastrophic wildfires on local communities through coordination, hazardous fuel reduction, and further education on wildfire prevention. These activities help create jobs and advance conservation and restoration efforts through planning and implementation of hazardous fuels reduction projects. This work aligns with administration priorities by strengthening partnerships, encouraging local wildfire preparedness and mitigation, and empowering community-driven wildfire risk reduction, while generating revenue and utiliz",,,,,,,,,,,,,,,
LHC-2600-DC-0069,Older Adults Home Modification Grant Program,Department of Housing and Urban Development,HUD,Posted,TRUE,https://simpler.grants.gov/opportunity/7c069780-eefc-4889-9036-248615be6f4d,"The overall purpose of the Older Adult Home Modification Program (OAHMP) is to assist experienced nonprofit organizations, state and local governments, and public housing authorities in undertaking comprehensive programs that make safety and functional home modification repairs and renovations to meet the needs of low-income seniors. The goal of the home modification program is to enable low-income elderly persons to remain in their homes through low-cost, low barrier, high impact home modifications to reduce older adults"" risk of falling, improve general safety, increase accessibility, and to improve their functional abilities in their home. This will enable older adults to remain in their homes, that is, to ""age in place,"" rather than move to nursing homes or other assisted care facilities.",,,,,,,,,,,,,,,
NOAA-NMFS-FHQ-2024-27611,"FY 2024 – 2026 Broad Agency Announcement (BAA), National Marine Fisheries Service",DOC NOAA - ERA Production,DOC-DOCNOAAERA,Posted,TRUE,https://simpler.grants.gov/opportunity/44244bcf-be69-4f35-a76b-334ff377abc8,"This BAA is for the National Marine Fisheries Service, also known as NOAA Fisheries. The purpose of this notice is to request applications for special projects and programs associated with the NOAA Fisheries strategic plan and mission goals, as well as to provide the general public with information and guidelines on how NOAA will select applications and administer discretionary Federal assistance under this Broad Agency Announcement (BAA). This notice is not a mechanism to fund existing NOAA awards. Each NOAA Line Office that supports financial assistance (National Marine Fisheries Service, National Ocean Service, National Weather Service, Office of Atmospheric Research, Office of Education, and National Environmental Satellite Data Information Service) has a separate BAA found in Grants.gov, so applicants should submit their application to the BAA for the Line Office that best fits their application. A description of NOAA Line Offices is found at https://www.corporateservices.noaa.gov/public/lineoffices.html and https://www.noaa.gov/office-education. Applicants may also contact the Agency Contact below for more information. If you submit the same application to more than Line Office, mention this in your application and notify the relevant contacts so that NOAA may coordinate internally.",,,,,,,,,,,,,,,
NOAA-NWS-2024-28059,FY 2024 – 2026 - Broad Agency Announcement (BAA),DOC NOAA - ERA Production,DOC-DOCNOAAERA,Posted,TRUE,https://simpler.grants.gov/opportunity/d608e124-edb6-4788-85f1-65c924070f62,"This notice is not a mechanism to fund existing NWS awards. The purpose of this notice is to request applications for special projects and programs associated with NWS's strategic plan and mission goals, as well as to provide the general public with information and guidelines on how NWS will select applications and administer discretionary Federal assistance under this Broad Agency Announcement (BAA). Each NOAA Line Office that supports financial assistance (National Marine Fisheries Service, National Ocean Service, National Weather Service, Office of Atmospheric Research, Office of Education, and National Environmental Satellite Data Information Service) has a separate BAA found in Grants.gov, so applicants should submit their proposal to the BAA for the Line Office that best fits their proposal. A description of NOAA Line Offices is found at https://www.corporateservices.noaa.gov/public/lineoffices.html and https://www.noaa.gov/office-education and applicants may contact the Agency Contacts in Section VII. below for more information. If you submit the same proposal to more than Line Office, mention this in your proposal and notify the relevant contacts in Section VII. so that NOAA may coordinate internally.",,,,,,,,,,,,,,,
O-BJA-2026-172656,DOJ FY 2026 Bridging Immigration-Related Deficits Experienced Nationwide (“BIDEN”) Program Round 2,Bureau of Justice Assistance,USDOJ-OJP-BJA,Posted,FALSE,https://simpler.grants.gov/opportunity/3ffbebe2-75e6-457b-bc01-c50ebcbf2023,"This is a notice of funding opportunity (NOFO) for the Department of Justice’s (DOJ) FY 2026 Bridging Immigration-Related Deficits Experienced Nationwide (BIDEN) Program. This program, authorized under the BIDEN Reimbursement Fund established by the One Big Beautiful Bill Act, Public Law 119-21, Title X, Subtitle A, Part II (codified at 34 U.S.C. § 61101), provides funding for grants to eligible States, State agencies, and units of local government and tribal governments, pursuant to their existing statutory authorities to support the seven statutory purposes outlined in 34 U.S.C. § 61101: 1. Locating and apprehending aliens who have committed a crime under federal, state, or local law, in addition to being unlawfully present in the United States (hereafter referred to as “criminal illegal aliens”). 2. Collection and analysis of law enforcement investigative information within the United States to counter gang or other criminal activity. 3. Investigating and prosecuting (a) crimes committed by aliens within the United States; and (b) drug and human trafficking crimes committed within the United States. 4. Court operations related to the prosecution of (a) crimes committed by aliens; and (b) drug and human trafficking crimes. 5. Temporary criminal detention of aliens. 6. Transporting aliens described in paragraph (1) within the United States to locations related to the apprehension, detention, and prosecution of such aliens. 7. Vehicle maintenance, logistics, transportation, a",,,,,,,,,,,,,,,
O-BJA-2026-172675,BJA FY 2026 Harold Rogers Prescription Drug Monitoring Program,Bureau of Justice Assistance,USDOJ-OJP-BJA,Posted,FALSE,https://simpler.grants.gov/opportunity/f61644ce-671d-41bf-b0ba-e4ffb86cea82,"This is a notice of funding opportunity (NOFO) for the BJA FY2026 Harold Rogers Prescription Drug Monitoring Program (PDMP). This opportunity seeks to enhance the capacity of regulatory and law enforcement agencies and public health officials to collect and analyze controlled substance prescription data and other scheduled chemical products through a centralized database administered by an authorized agency. PDMPs help state and local governments to detect and prevent the diversion and abuse of pharmaceutically controlled substances such as opioids and other prescription drugs. The primary function of a PDMP is to facilitate the collection, analysis, and reporting of information on the prescribing, dispensing, and use of prescription drugs with a state, commonwealth, district, or territory. The goal of the Harold Rogers PDMP is to strengthen states’ and territories’ ability to maintain and enhance their existing PDMPs by accommodating local decision-making based on state laws and preferences and replicating promising practices. As part of supporting the enhancement of PDMPs, the Harold Rogers PDMP supports the integration of PDMP data with health information exchanges, electronic health records, or pharmacy dispensing systems, including engaging with tribal entities and rural areas where integration rates may be lower. This program helps to break the cycle of drug addiction and violence by reducing the demand, use, and the illegal trafficking of controlled substances.",,,,,,,,,,,,,,,
O-BJA-2026-172697,BJA FY 2026 The Kevin and Avonte Program: Reducing Injury and Death of Missing Individuals with Dementia and Developmental Disabilities,Bureau of Justice Assistance,USDOJ-OJP-BJA,Posted,FALSE,https://simpler.grants.gov/opportunity/644030f6-37f5-40f8-bb89-acf868c1b28f,"This is a notice of funding opportunity (NOFO) for the BJA FY 2026 Kevin and Avonte Program: Reducing Injury and Death of Missing Individuals with Dementia and Developmental Disabilities. This opportunity supports public safety efforts to reduce deaths and injuries of individuals with forms of dementia, such as Alzheimer’s disease, or developmental disabilities, such as autism, who, due to their condition, wander from safe environments. This program provides funding to law enforcement, other public safety agencies, and health care agencies to implement locative technologies that track missing individuals. It also provides funding to such agencies and partnering nonprofit organizations to develop or operate programs to prevent wandering, increase safety for vulnerable individuals, and facilitate rescues.",,,,,,,,,,,,,,,
O-BJA-2026-172698,BJA FY 2026 Second Chance Act Improving Reentry Education and Employment Outcomes,Bureau of Justice Assistance,USDOJ-OJP-BJA,Posted,FALSE,https://simpler.grants.gov/opportunity/f44563bd-e053-4ead-a3f4-b0a229d1eeec,"This is a notice of funding opportunity (NOFO) for BJA FY 2026 Second Chance Act (SCA) Improving Reentry Education and Employment Outcomes. This opportunity supports state, local, and tribal governments and community-based organizations to provide education and employment programs for adults and youth leaving prison and jail. The goal of the program is to improve academic and vocational/trade programs available to adults and youth in prisons and jails and expand workforce development and career pathways that result in improved job readiness, employment attainment, and retention, thereby improving employment prospects and reducing recidivism. Applicants may consider proposing projects that develop marketable skills, leverage technology, and build capacity to align with their local job market and engage in the digital economy.",,,,,,,,,,,,,,,
O-COPS-2026-172549,FY26 Safer Outcomes Program,Community Oriented Policing Services,USDOJ-OJP-COPS,Posted,FALSE,https://simpler.grants.gov/opportunity/d6e36bde-bad0-4e7f-a351-5c4deb4327ec,"The Office of Community Oriented Policing Services (COPS) is the component of the U.S. Department of Justice responsible for advancing the practice of community policing and the Administration’s priority of Making America Safe Again by supporting the nation’s state, local, territorial and Tribal law enforcement agencies through information and grant resources. This is a notice of funding opportunity (NOFO) for the FY26 Safer Outcomes: Enhancing Crisis Response Training for Law Enforcement Program. This opportunity seeks to promote safe outcomes during police encounters through relevant training. Awards will be made to entities seeking to implement training and related supports. Training is supported for law enforcement officers, support personnel employed by law enforcement agencies, and associated mental health professionals working on crisis intervention teams as employees of a law enforcement agency or under a legal agreement with a law enforcement agency. Training programs and related funding requests must address one of more of the areas of focus listed below: 1. De-escalation tactics and alternatives to use of force. For purposes of this funding opportunity, the term “de-escalation” means taking action or communicating verbally or nonverbally during a potential force encounter in an attempt to stabilize the situation and reduce the immediacy of the threat so that more time, options, and resources can be called upon to resolve the situation without the use of force or wi",,,,,,,,,,,,,,,
O-COPS-2026-172562,FY26 Community Policing Development (CPD) Accreditation Program,Community Oriented Policing Services,USDOJ-OJP-COPS,Posted,FALSE,https://simpler.grants.gov/opportunity/09dae336-98d2-42e8-905e-271df70442b5,"The Office of Community Oriented Policing Services (COPS) is the component of the U.S. Department of Justice responsible for advancing the practice of community policing and the Administration’s priority of Making America Safe Again by supporting the nation’s state, local, territorial and Tribal law enforcement agencies through information and grant resources. The COPS Office seeks to expand law enforcement accreditation through this Notice of Funding Opportunity (NOFO). Community Policing Development – Accreditation Under this funding opportunity, the Office of Community Oriented Policing Services (COPS Office) is seeking to establish new and support existing accreditation bodies in states or territories. Funding will focus on such activities as providing technical assistance to agencies, defraying or underwriting accreditation costs, improving customer service and marketing, and developing user-friendly policy templates.",,,,,,,,,,,,,,,
OST-OSDBU-2026-SBTTAC-REGION1-FY2026-1,Small Business Transportation Technical Assistance Center (Region 1),69A350 OSDBU,DOT-OSDBU,Posted,TRUE,https://simpler.grants.gov/opportunity/c11fc4f7-5147-4f68-93b3-21d7733fcf12,"The U.S. Department of Transportation (USDOT), Office of the Secretary (OST), Office of Small and Disadvantaged Business Utilization (OSDBU), announces the availability of funding under Notice of Funding Opportunity (NOFO) Number OST/OSDBU-2026-SBTTAC-Region 1-FY2026-1 to establish and operate the Region 1 Small Business Transportation Technical Assistance Center (SBTTAC) formerly known as the Small Business Transportation Resource Centers (SBTRC). The cooperative agreement is for one award for a 12 months base year with two option years, based on performance. Link to Recorded NOFO Information Session (Webinar) - Aug 3, 2026, 1PM ET https://usdot.zoomgov.com/rec/share/84PjqpAOpvEeyc1B7HP-fmGEdi2tR7Le7sjEnHbep3ssbGuAideifzgmo282RsBh.lucHhIC2nlBYIlks?startTime=1785776732000 Passcode : Nzy1RYQ=",,,,,,,,,,,,,,,
OST-OSDBU-2026-SBTTAC-REGION6-FY2026-1,Small Business Transportation Technical Assistance Center (Region 6),69A350 OSDBU,DOT-OSDBU,Posted,TRUE,https://simpler.grants.gov/opportunity/a4cbdfb7-e675-49ec-aeb7-eaca4b9d8781,"The U.S. Department of Transportation (USDOT), Office of the Secretary (OST), Office of Small and Disadvantaged Business Utilization (OSDBU), announces the availability of funding under Notice of Funding Opportunity (NOFO) Number OST/OSDBU-2026-SBTTAC-Region 6-FY2026-1 to establish and operate the Region 6 Small Business Transportation Technical Assistance Center (SBTTAC) formerly known as the Small Business Transportation Resource Centers (SBTRC). The cooperative agreement is for one award for a 12 months base year with two option years, based on performance. ﻿ Link to Recorded NOFO Information Session (Webinar) - Aug 3, 2026, 1PM ET https://usdot.zoomgov.com/rec/share/84PjqpAOpvEeyc1B7HP-fmGEdi2tR7Le7sjEnHbep3ssbGuAideifzgmo282RsBh.lucHhIC2nlBYIlks?startTime=1785776732000 Passcode : Nzy1RYQ=",,,,,,,,,,,,,,,
P26AS00019,FY2026 ABPP - Battlefield Land Acquisition Grant,National Park Service,DOI-NPS,Posted,TRUE,https://simpler.grants.gov/opportunity/e8b97073-df42-45d9-ae00-00605145af07,"Historic battlefields and associated sites of armed conflict are powerful reminders of the shared heritage of all Americans. In an ongoing effort to extend the conservation of natural and cultural resources beyond our park boundaries, the National Park Service American Battlefield Protection Program (NPS ABPP) promotes the preservation and interpretation of these important places. NPS ABPP supports community-driven stewardship of historic resources through four grant opportunities: Preservation Planning, Battlefield Restoration, Battlefield Interpretation, and Battlefield Land Acquisition.NPS ABPP administers Battlefield Land Acquisition Grants (BLAG) to assist State and local governments, Tribes, and nonprofit organizations with the preservation of eligible Revolutionary War, War of 1812, and Civil War battlefield lands through acquisition of fee-simple or less-than-fee (easement) interests. Funding for the BLAG program is made available from the Land and Water Conservation Fund (LWCF) and is awarded competitively. Applications are accepted and evaluated on a rolling basis throughout the year. Each grant requires a dollar-for-dollar non-Federal match. Grants are available to acquire interests in eligible Civil War battlefields listed in the Civil War sites Advisory Commission's (CWSAC) Report on the Nation's Civil War Battlefields (1993) and in the principal battlefields of the Revolutionary War and War of 1812 identified in NPS ABPP""s Report to Congress on the Historic Pres",,,,,,,,,,,,,,,
PA-FPT-26-001,National Training Center for Family Planning,Office of the Assistant Secretary for Health,HHS-OPHS,Posted,TRUE,https://simpler.grants.gov/opportunity/f58877bf-d0ad-43f7-8ae4-92382f4e0d0d,"The purpose of this funding opportunity is to create a single, coordinated national training center that provides comprehensive TTA to Title X grant recipients and their networks of sub-recipients and service sites. Title X currently operates through a large and diverse network of more than 3,800 service sites who provide Title X services to close to 3 million low-income individuals annually, and these providers rely on consistent, high-quality support to meet statutory and regulatory requirements and OASH and OPA priorities.",,,,,,,,,,,,,,,
PAR-25-003,"Animal Food Regulatory Program Standards Implementation Development and Maintenance, with Mutual Reliance Initiatives Clinical Trials Not Allowed",Food and Drug Administration,HHS-FDA,Posted,FALSE,https://simpler.grants.gov/opportunity/ac8b189e-988c-4dc5-a0cb-1dd7633bd640,"The purpose of this Notice of Funding Opportunity (NOFO) is to advance efforts for a nationally integrated animal food safety system providing state animal food regulatory programs the ability to achieve full implementation of the Animal Food Regulatory Program Standards (AFRPS) within 5 years and to maintain full implementation. This NOFO will also fund optional projects for state animal food regulatory programs to: Advance food safety and protect public health by strengthening partnerships with the FDA and other state animal food regulatory partners through sharing, collaboration, coordination, and leveraging each other’s expertise, work, data, and enforcement actions. Develop and standardize processes, procedures, systems, and other methods to integrate federal and state animal food regulatory work resulting in mutual reliance. Specific outcomes may include, but are not limited to: State animal food regulatory programs will achieve and maintain implementation of the AFRPS, which is recognized as a critical element to creating a national, fully integrated food safety system. Operational use of standardized animal food regulatory systems developed by state programs to compel federal reliance on state regulatory work and resources and reciprocal state reliance on federal work and resources, resulting in mutual reliance. This project will strengthen and improve FDA efforts to build an integrated food safety system by building high quality state animal food regulatory programs ",,,,,,,,,,,,,,,
PAS-TUNIS- APS FY2026,Annual Program Statement (APS) For Fiscal Year 2026,U.S. Mission to Tunisia,DOS-TUN,Forecasted,TRUE,https://simpler.grants.gov/opportunity/91454c48-930c-4d95-a0dd-8d71233d502b,"The Public Diplomacy Section (PDS) at U.S. Embassy Tunis invites results-oriented proposals for programs that foster economic opportunities for U.S. businesses and investors, innovation collaboration, showcase American leadership and excellence in science, technology, culture, the arts, sports, education, and English language, and strengthen ties between the United States and Tunisia in ways that make America safer, stronger, and more prosperous as we commemorate the 250 th anniversary of U.S. independence (2026) and 230 years of U.S.-Tunisian friendship (2027). All proposed programs must include an American element or a connection with American expert(s), organization(s), or institutions in ways that promote increased understanding of U.S. policies, perspectives, and society and/or celebrate U.S. culture and values. Proposals that include programming outside Greater Tunis or across multiple governorates and/or promote increased collaboration and networking among alumni of U.S. government programs are encouraged. Examples of possible PD small grant proposals include, but are not limited to: • Subject-matter expert, academic, and professional lectures, seminars, and speaker programs that include U.S. speakers/experts. • Programs that connect U.S. companies with Tunisian partners, suppliers, and market opportunities, facilitate business-to-business networking and investment matchmaking, prepare Tunisian startups and established businesses to meet U.S. market standards, enter U.",,,,,,,,,,,,,,,
RFA-CE-27-014,Research Grants to Rigorously Evaluate Innovative and Promising Approaches to Prevent Firearm-Related Violence and Injuries,Centers for Disease Control and Prevention - ERA,HHS-CDC-HHSCDCERA,Forecasted,FALSE,https://simpler.grants.gov/opportunity/cacb4ffa-0f3a-4794-8df6-0af933d88f0c,"The Centers for Disease Control and Prevention’s (CDC) National Center for Injury Prevention and Control (NCIPC or the Injury Center) is soliciting investigator-initiated research to rigorously evaluate the effectiveness of innovative and promising approaches to prevent all forms of firearm-related injuries, deaths, violence, or crime without infringing on the rights of legal firearm owners. For this announcement such forms include: Mass shooting incidents, Defensive gun use incidents, Firearm-related homicides and assaults, Firearm-related suicides and self-harm, Unintentional firearm deaths and injuries, Firearm-related crime. This NOFO offers Funding Option A or B to address the research objective. Applicants may submit a research proposal under either Funding Option A or B (not both). Funding Option A will support research projects that rely on existing data to evaluate effectiveness and that do not support implementing prevention activities. These projects will be funded up to $350,000 per year (direct and indirect costs) for a period of performance up to 2 years. Funding Option B will support research projects that require new data collection and/or implementation of prevention activities to evaluate effectiveness. These projects will be funded up to $650,000 per year (direct and indirect costs) for a period of performance up to 3 years. Investigations could, for example , conduct research to evaluate the effectiveness and/or test the effects of scaling up, expanding, o",,,,,,,,,,,,,,,
RFA-FD-26-012,Use of Digital Health Technologies in Clinical Investigations to Support Drug and Biological Product Development (U01) Clinical Trials Optional,Food and Drug Administration,HHS-FDA,Posted,TRUE,https://simpler.grants.gov/opportunity/758eb232-aa13-4c39-a651-e6429d961b03,The purpose of this Notice of Funding Opportunity (NOFO) is to address topics related to the use of digital health technologies (DHTs) for remote data acquisition in clinical investigations to support drug development.,,,,,,,,,,,,,,,
RFA-IP-27-026,Improving Protection against Influenza and Other Respiratory Pathogens: the US Flu VE Network,Centers for Disease Control and Prevention - ERA,HHS-CDC-HHSCDCERA,Forecasted,FALSE,https://simpler.grants.gov/opportunity/41024895-69ca-49fb-9312-128fc5316777,"The purpose of this notice of funding opportunity (NOFO) is to continue the work of the US Influenza Vaccine Effectiveness (Flu VE) Network. Influenza and other respiratory pathogens are important causes of morbidity, mortality, and healthcare burden across the age spectrum. This network provides evidence needed to improve the effectiveness of influenza and other respiratory pathogen vaccines. You would propose work under this NOFO to include: 1) annual VE and correlates of protection surveillance from active enrollment and systematic respiratory pathogen testing of outpatients; 2) electronic acute respiratory illness and VE surveillance; 3) household transmission research studies; and 4) immunogenicity research studies. This is a multi-component NOFO of Component A, B, C and D. The anticipated award number for each component is: five for Component A (VE and correlates of protection), one for Component B (Coordination and surge capacity), two for Component C (Household transmission studies) and three for Component D (Immunogenicity studies). You are required to apply for either Component A (VE and correlates of protection) or B (Coordination and surge capacity) but not both. If you apply for Component A, you may also apply for optional Components C (Household transmission studies) or D (Immunogenicity studies) or both. If you apply for Component B, you may also apply for optional Component D. We expect to fund 5 sites for Component A up to $1,800,000 per site annually and 1 s",,,,,,,,,,,,,,,
RFA-OH-27-034,NIOSH National Center of Excellence for the Prevention of Childhood Agricultural Injury (U54),Centers for Disease Control and Prevention - ERA,HHS-CDC-HHSCDCERA,Forecasted,FALSE,https://simpler.grants.gov/opportunity/a7d90b10-6b93-44b3-b848-78bede8db2f0,"The National Institute for Occupational Safety and Health (NIOSH) is committed to addressing a wide range of occupational health and safety hazards affecting those who work in the agriculture, forestry, and fishing (AgFF) sector. Children and adolescents (""youth"") are consistently more likely to be fatally injured working in agriculture compared to other industries. While many steps have been taken to prevent youth injuries in AgFF work, there remains a need for a consistent national program to study and improve their safety, health, and well-being. This notice of funding opportunity (NOFO) will support a National Center of Excellence for the Prevention of Childhood Agricultural Injury and Illness (""the National Children's Center""). The National Children's Center will engage in high-quality research, education, outreach, and effective translation of scientific discoveries into practice for the benefit of youth living and working in AgFF communities. The activities of the National Children's Center will: Improve the collection and analysis of injury, illness, and fatality data for youth working and living in AgFF environments. Enhance research and practice to identify and address gaps in the evidence base for youth workers across AgFF communities, and especially those in rural areas. Engage in comprehensive intervention and implementation studies to improve AgFF youth safety, health, and well-being. Evaluate the use of technology, including AI and automation, to mitigate workp",,,,,,,,,,,,,,,
RFA-OH-27-042,NIOSH Support for Conferences and Scientific Meetings (U13 Clinical Trial Not Allowed),Centers for Disease Control and Prevention - ERA,HHS-CDC-HHSCDCERA,Forecasted,FALSE,https://simpler.grants.gov/opportunity/806f4939-5a1c-41b5-83e4-45d57153633d,"The purpose of the NIOSH Support for Conferences and Scientific Meetings (U13) program is to support high-quality scientific meetings, conferences, and workshops that are relevant to the NIOSH mission and that promote occupational safety and health. The conference program is an important part of the NIOSH mission. Applications should address and advance research topics in occupational safety and health that align with NIOSH program priorities. A conference or scientific meeting is a gathering, symposium, seminar, workshop, or other organized meeting in which participants meet in person or virtually to coordinate, exchange, and share information or to explore and clarify a specific topic, problem, or area of knowledge. This cooperative agreement is used when substantial federal scientific or programmatic involvement is expected, and federal staff may assist, guide, coordinate, or participate in project activities before and after the award. Applications for training-only events will not be considered under this announcement.",,,,,,,,,,,,,,,
RFA-OH-27-045,NIOSH Miner Safety and Health Training Program - Western United States – U60,Centers for Disease Control and Prevention - ERA,HHS-CDC-HHSCDCERA,Forecasted,FALSE,https://simpler.grants.gov/opportunity/b2c6980b-352b-469e-b48e-807b1019329f,"Background Despite advances in technology and improvements in work environments, mining remains one of the most challenging and hazardous occupations in the United States. The industry continues to experience a fatality rate nearly three times higher than the national average for all industries, according to the U.S. Bureau of Labor Statistics (BLS). Public MSHA data show that in 2025, the U.S. mining sector employed 372,899 workers and operated 12,600 mining sites nationwide. That year, the industry reported 33 fatalities, and the fatality rate for 2015–2025 ranged between 8 and 16 per 100,000 FTE. MSHA reported that the overall mining industry's all-injury rate reached 1.74 injuries per 200,000 hours worked in 2025. Purpose The purpose of this Notice of Funding Opportunity (NOFO) is to enhance the quality, relevance, and availability of health and safety training for miners in the Western United States. Availability includes training frequency, geographic access, delivery methods and partnerships, and the cultural and educational appropriateness of materials. This NOFO is intended to complement, not duplicate existing MSHA, OSHA, and state-supported training programs and to address unmet needs specific to Western mining operations. For this announcement, the Western Region States are defined as the states included in the NIOSH Western States Division (WSD) geographic area. These states are: Alaska, Arizona, California, Colorado, Hawaii, Idaho, Montana, Nevada, New Mexico, O",,,,,,,,,,,,,,,
RFA-OH-27-049,NIOSH Centers of Excellence for Total Worker Health® (U19),Centers for Disease Control and Prevention - ERA,HHS-CDC-HHSCDCERA,Forecasted,FALSE,https://simpler.grants.gov/opportunity/43e32c6d-fbbd-4056-8fd4-f64cdebefd41,"PURPOSE NIOSH intends to support the Centers of Excellence in Total Worker Health® (TWH). These Centers will conduct rigorous research and translation activities to prevent harmful exposures, improve working conditions, and advance worker well-being. The Centers will develop practical, scalable solutions for employers and workers. All projects must use the NIOSH Worker Well-Being Questionnaire (WellBQ) and share data with the HERO Worker Well-Being Clearinghouse. Large Research Projects require economic evaluation. PRIORITY AREAS • High-risk occupations: First responders, vehicle mechanics, and technicians, with emphasis on occupational exposures, related health risks, and prevention strategies • Young workers, SMEs • Chronic disease • Mental health, stress • Substance use disorder • Artificial intelligence (AI), digital technologies This is a multi-component NOFO. COMPONENT STRUCTURE Percentages indicate maximum share of total budget. Overall Component (Required) Provides Center leadership and integration. Applicants should show strong coordination, scientific direction, and alignment across projects. Administration, Evaluation, and Emerging Issues Core (Required; up to 15%) Supports management and Center-wide evaluation. Applicants should describe oversight, data governance, and quality assurance.Optional activities include emerging issues and shared research resources. Outreach, Dissemination, and Impact Core (Required; up to 15%) Supports communication, worker/employer en",,,,,,,,,,,,,,,
RFA-OH-27-054,World Trade Center Youth Research Coordinating Center (U54),Centers for Disease Control and Prevention - ERA,HHS-CDC-HHSCDCERA,Forecasted,FALSE,https://simpler.grants.gov/opportunity/56d667b4-9531-44e3-a344-62763b27c1cf,"The National Institute for Occupational Safety and Health (NIOSH), World Trade Center (WTC) Health Program, plans to establish a WTC Youth Research Coordinating Center (""Center"") through a U54 cooperative agreement. In December 2022, Congress amended the Public Health Service Act (42 U.S.C. § 300mm–51(c)) to direct the WTC Health Program Administrator to establish a research cohort for emerging health impacts on youth. The cohort must be of sufficient size to support future research studies on the health and educational impacts of exposures resulting from the September 11, 2001, terrorist attacks (9/11). The overall purpose of the Center is to: Establish and maintain a WTC Youth Research Cohort of individuals who were: 21 years of age or younger at the time of 9/11 exposure, including those exposed in utero. Within a certain distance of the WTC site on and after 9/11. Develop and implement research on the long-term health and educational (including developmental and cognitive) impacts of individuals exposed at a young age to 9/11. The Center will integrate multidisciplinary expertise in epidemiology, environmental and occupational health, information technology and data management, community-engaged recruitment and research, and related disciplines. Community engagement and effective stakeholder communication will be central to all Center activities. The Center will support four functional core activities: Planning, Administration, and Evaluation. Information Technology (IT) ",,,,,,,,,,,,,,,
SB-OIT-STEP-2026-01,State Trade Expansion Program 2026,Small Business Administration,SBA,Posted,TRUE,https://simpler.grants.gov/opportunity/83f7a3f7-9a94-46dc-b9da-d8300efb69c1,State Trade Expansion Program,,,,,,,,,,,,,,,
USDA-FS-UCF-01-2026,2026 National Urban and Community Forestry Challenge Cost Share Grant Program,Forest Service,USDA-FS,Posted,TRUE,https://simpler.grants.gov/opportunity/a9a8b77d-de7b-4cfe-aac2-7b217f908ed8,"The intent of the National Urban and Community Forestry Challenge Cost Share grant program is to advance solutions to the economic, health, and environmental challenges faced by communities. This year’s program focuses on advancing community tree resource utilization, which can reduce waste and create value by turning wood generated from pruning, removals, storm events, and pest or disease outbreaks into useful products. These products may include lumber, slabs, furniture, flooring, biochar, or other materials that strengthen local economies, reduce disposal costs, and improve community resilience. The program seeks practical, creative, and replicable projects that help communities establish or expand wood‑utilization efforts. Competitive proposals will demonstrate how the project supports existing community forestry plans, applies industry‑recognized safety and tree‑care standards, and delivers clear economic, environmental, or workforce benefits. Projects should outline anticipated wood products, partnerships with professional or industry organizations, and opportunities for job creation, training, or certification. This program is intended for communities and their partners seeking to improve the management and use of their urban and community forests. Eligible applicants include state, local, and tribal governments, nonprofit organizations, educational institutions, and other community‑based partners. Projects must conform to laws and authorities in Section 9 of the Coope",,,,,,,,,,,,,,,
USDA-NRCS-NHQ-FSCP-26-NOFO0001453,NRCS' Feral Swine Eradication and Control Pilot Program Fiscal Year (FY) 2026,Natural Resources Conservation Service,USDA-NRCS,Posted,TRUE,https://simpler.grants.gov/opportunity/32617965-5981-4f6d-904a-6856ed48769a,"The purpose of the Feral Swine Eradication and Control Project (FSCP) is to respond to the threat feral swine pose to agriculture, native ecosystems, and human and animal health. Feral swine are a destructive, non-native, invasive species and their populations have expanded across the United States since the 1980’s. Over an estimated $3.4 billion in damage, including agricultural, is caused by feral swine each year. The species can have significant negative impacts on plant and animal habitats, soils, water quality, as well as other natural and cultural resources. Livestock and humans are also susceptible to diseases carried by feral swine. The Agriculture Improvement Act of 2018 directs the United States Department of Agriculture (USDA) to carry out the pilot program where the Secretary has determined that feral swine have been identified as such a threat and the One Big Beautiful Bill Act extended this authority. FSCP funding will be available for projects identified by USDA in conjunction with State Technical Committees in states determined by the Animal and Plant Health Inspection Service (APHIS) Wildlife Services as having high feral swine densities. Please visit the Feral Swine Eradication and Control Pilot Program webpage (https://www.nrcs.usda.gov/feral-swine-eradication-and-control-pilot-program) to find the proposed pilot projects looking for applicants. Additional information about proposed pilot project activities in the following states Alabama, Arkansas, Califor",,,,,,,,,,,,,,,
VA-GPD-FORECAST-FY2026-FY2028,GPD Grant Forecast,Homeless Providers Grant and Per Diem Program,VA-HPGPDP,Forecasted,FALSE,https://simpler.grants.gov/opportunity/f3ba2089-bbc7-4029-8b05-d6d11354d6db,"THIS IS NOT A NOTICE OF FUNDING. THIS IS A GENERAL FORECAST ONLY. Grant and Per Diem (GPD) Program Introduction The GPD Program is VA’s largest transitional housing program for Veterans experiencing homelessness and is permanently authorized under Public Law 109-461. Since 1994, the GPD Program has awarded grants to community-based organizations to provide transitional housing with wraparound supportive services to assist vulnerable Veterans move into permanent housing. The grants are designed to meet Veterans at various stages as they move to stable housing. Community-based organizations receiving GPD grants offer focused transitional housing services through a variety of housing models targeted to different populations and needs of Veterans. The GPD program plays a vital role in the continuum of homeless services by providing supportive services to those Veterans who would otherwise be among the unsheltered homeless population. The result of GPD programs is that Veterans achieve residential stability, increase their skill levels and/or income, and obtain greater self-determination. Types of GPD Grants Transitional housing grants: Per Diem Only (PDO) grants provide funding in the form of per diem payments to reimburse grantees for the cost of care provided to Veterans in transitional supportive housing. Special Need grants target housing and services to specific populations of Veterans (e.g., women, Veterans with chronic mental illness, frail elderly Veterans, Veterans carin",,,,,,,,,,,,,,,
VA-GRANTS-112508-002,State Veterans Home Construction Grant Program,Construction of State Home Facilities,VA-CSHF,Posted,TRUE,https://simpler.grants.gov/opportunity/59462b36-6d05-4832-a628-427f72260f3d,"Improving Oversight of Federal Grantmaking VA is required to ensure compliance with all applicable statutes, regulations, and Executive Orders when evaluating and awarding grants. In accordance with Executive Order 14332, Improving Oversight of Federal Grantmaking, aside from the evaluation criteria published in this announcement, VA has discretion to remove from consideration any applicant VA deems does not clearly advance the President's or VA's priorities. VA will not fund activities that use racial preference for eligibility criteria or promote gender ideology. VA will not fund activities that promote or facilitate violations of immigration laws or are sources of waste, fraud, or abuse. VA will not tolerate activity or conduct by grant recipients that constitute acts of moral turpitude, are scandalous, or bring the recipient, the project funded by this grant, or VA into public disrepute, contempt, or ridicule. These grants support the President's priority to increase the excellence of and options for care, benefits, and services for veterans, as demonstrated in Executive Order 14332 . Program is subject to Public Law 117-58 Build America, Buy America Act. Recipients of an award of Federal financial assistance from a program for infrastructure are hereby notified that none of the funds provided under this award may be used for a project for infrastructure unless:(1) all iron and steel used in the project are produced in the United States--this means all manufacturing proce",,,,,,,,,,,,,,,
VA-NCA-VLGP-FY2027,Veterans Legacy Grants Program,Veterans Legacy Grants Program,VA-VLGP,Forecasted,FALSE,https://simpler.grants.gov/opportunity/8d1358e4-662b-4359-aa77-e553a65a6511,"VLGP will provide grants to eligible entities for the purpose of conducting cemetery research related to national, State, or Tribal Veterans’ cemeteries; producing educational materials that teach about the history of Veterans interred in national, State, or Tribal Veterans’ cemeteries; and promoting community engagement with the histories of Veterans interred in national, State, or Tribal Veterans’ cemeteries.",,,,,,,,,,,,,,,
