section,opportunity_number,title,agency,grants_gov_link,tool_tier,tool_reason,required_capabilities,cost_share,full_announcement_read,verdict,correct_tier,notes,reviewer_initials
In a pile,CDC-RFA-TP22-2201,Public Health Crisis Response Cooperative Agreement,HHS-CDC-OPHPR,https://simpler.grants.gov/opportunity/42a1b238-2c19-47b4-ae58-f4a775231b78,2,"Needs emergency management, which DHHS reaches only through a partner; Cooperative agreement with a required evaluation",public_health_surveillance; emergency_management; data_systems_interoperability,FALSE,TRUE,include in new tier,,,
Screened but flagged 'check this',RFA-MH-27-180,Advancing Research on Empirically-Supported Interventions for Older Adults Living with Serious Mental Illness (SMI) (R01 Clinical Trial Optional),HHS-NIH11,https://simpler.grants.gov/opportunity/3702dc53-99c8-4506-ac67-4a017e0bdc73,,NIH research opportunity,clinical_service_delivery; behavioral_health_delivery; long_term_care_operation,FALSE,FALSE,include in new tier,new research tier,research_and_rigorous_evaluation; behavioral_health_delivery,
Screened but flagged 'check this',RFA-MH-27-140,Optimizing Behavioral Sleep Interventions for Adolescents and Young Adults (R34 Clinical Trial Required),HHS-NIH11,https://simpler.grants.gov/opportunity/26116df5-40e6-4c83-8e5a-d90664b418ba,,NIH research opportunity,,FALSE,FALSE,include in new tier,new research tier,behavioral_health_delivery; housing_stock_or_assistance; workforce_training_credentialing,
Screened but flagged 'check this',PAR-25-274,Feasibility Clinical Trials of Mind and Body Interventions for NCCIH High Priority Research Topics (R34 Clinical Trial Required),HHS-NIH11,https://simpler.grants.gov/opportunity/df4b024b-1d24-41ad-8e04-be5114c80049,,NIH research opportunity,,FALSE,FALSE,include in new tier,new research tier,behavioral_health_delivery; housing_stock_or_assistance; workforce_training_credentialing,
Screened but flagged 'check this',PAR-25-098,"Interventions to expand cancer screening and preventive services to ADVANCE health in populations that experience health disparities (R01, Clinical Trial Required)",HHS-NIH11,https://simpler.grants.gov/opportunity/3373f830-2c05-4b96-b486-14282c4787f1,,NIH research opportunity,,FALSE,FALSE,include in new tier,new research tier,public health,
Screened but flagged 'check this',PAR-25-235,Personal Health Informatics for Delivering Actionable Insights to Individuals (R01 Clinical Trial Optional),HHS-NIH11,https://simpler.grants.gov/opportunity/8ae80981-8f34-48e1-9a75-c7ca81553ce7,,NIH research opportunity,public health,FALSE,FALSE,include in new tier,new research tier,research_and_rigorous_evaluation;,
Screened but flagged 'check this',PAR-25-310,Accelerating Solutions to Improve Access and Quality of Empirically-Supported Practices for Youth Mental Health (R01 Clinical Trial Optional),HHS-NIH11,https://simpler.grants.gov/opportunity/b8957faa-5824-4b59-b18f-3b4a69501121,,NIH research opportunity,behavioral_health_delivery; housing_stock_or_assistance; workforce_training_credentialing,FALSE,FALSE,include in new tier,new research tier,research_and_rigorous_evaluation;,
Screened but flagged 'check this',PAR-24-329,"Development and Testing of Novel Interventions to Improve HIV Prevention, Treatment, and Program Implementation for People Who Use Substances (R34 Clinical Trial Required)",HHS-NIH11,https://simpler.grants.gov/opportunity/9ea57cf9-811c-4b26-9d18-fc27169861e7,,NIH research opportunity,public health,FALSE,FALSE,include in new tier,new research tier,research_and_rigorous_evaluation;,
Screened but flagged 'check this',PAR-25-100,"Pilot Health Services and Economic Research on the Treatment of Drug, Alcohol, and Tobacco Use Disorders (R34 Clinical Trial Optional)",HHS-NIH11,https://simpler.grants.gov/opportunity/d9f9695f-bc11-49cb-a6ab-bebe8767c637,,NIH research opportunity,public health,FALSE,FALSE,include in new tier,new research tier,research_and_rigorous_evaluation;,
Screened but flagged 'check this',PAR-25-317,Risk and Protective Factors of Family Health and Family Level Interventions (R01 Clinical Trial Optional),HHS-NIH11,https://simpler.grants.gov/opportunity/ff53e2e3-28af-4065-8519-b45c5d4b347a,,NIH research opportunity,family life/public health,FALSE,FALSE,include in new tier,new research tier,research_and_rigorous_evaluation;,
Screened but flagged 'check this',RFA-MH-26-140,BRAIN Initiative: Brain Behavior Quantification and Synchronization- Next Generation Sensor Technology Development (U01 Clinical Trial Optional),HHS-NIH11,https://simpler.grants.gov/opportunity/b2df416d-b6cd-4412-bb34-6984d8a9f8b4,,NIH research opportunity,not particularly relevant,FALSE,FALSE,not relevant,new research tier,research_and_rigorous_evaluation;,
Screened but flagged 'check this',PAR-25-182,Development of Psychosocial Therapeutic and Preventive Interventions for Mental Disorders (R61/R33 Clinical Trial Required),HHS-NIH11,https://simpler.grants.gov/opportunity/54f918aa-7f7a-4288-a918-ab0dfdb4aea6,,NIH research opportunity,behavioral_health,FALSE,FALSE,include in new tier,new research tier,research_and_rigorous_evaluation;,
Screened but flagged 'check this',PAR-25-177,Full-Scale Hybrid Effectiveness-Implementation Trials for Mental Health Interventions (R01 - Clinical Trial Required),HHS-NIH11,https://simpler.grants.gov/opportunity/0c04af5a-83ce-4fe5-a8fb-a7399f78e6d6,NIH research opportunity,behavioral_health_delivery,FALSE,FALSE,include in new tier,new research tier,research_and_rigorous_evaluation;,,
Screened but flagged 'check this',PAR-25-178,Pilot Hybrid Effectiveness-Implementation Trials for Mental Health Interventions (R01 Clinical Trial Required),HHS-NIH11,https://simpler.grants.gov/opportunity/b8708107-b111-4a75-a6b2-7189a2e15538,NIH research opportunity,behavioral_health,FALSE,FALSE,include in new tier,new research tier,research_and_rigorous_evaluation;,,
Screened but flagged 'check this',PAR-25-285,Effectiveness Trials to Test Mental Health System Interventions (R61/R33 Clinical Trial Required),HHS-NIH11,https://simpler.grants.gov/opportunity/c60789ce-21db-4ba1-9cb1-ef7f670c1957,NIH research opportunity,behavioral_health_delivery,FALSE,FALSE,include in new tier,new research tier,research_and_rigorous_evaluation;,,
Screened but flagged 'check this',PAR-25-104,Cancer Prevention and Control Clinical Trials Planning Grant Program (R34 Clinical Trials Optional),HHS-NIH11,https://simpler.grants.gov/opportunity/f2a0e432-aac6-4caf-bc3a-a78ca52f4751,NIH research opportunity,public health,FALSE,FALSE,include in new tier,new research tier,research_and_rigorous_evaluation;,,
Screened but flagged 'check this',PAR-25-103,Cancer Prevention and Control Clinical Trials Planning Grant Program (U34 Clinical Trials Optional),HHS-NIH11,https://simpler.grants.gov/opportunity/830a45d7-9fd9-4000-bef1-4ec4e813664b,NIH research opportunity,public health,FALSE,FALSE,include in new tier,new research tier,research_and_rigorous_evaluation; Behavioral health,,
Screened but flagged 'check this',PAR-25-353,National Cooperative Drug/Device Discovery/Development Groups (NCDDG) for the Treatment of Mental Disorders (U19 Clinical Trial Optional),HHS-NIH11,https://simpler.grants.gov/opportunity/26162ad2-d8cc-4eb7-9e65-f6b5d9985c13,NIH research opportunity,behavioral_health,FALSE,FALSE,include in new tier,new research tier,research_and_rigorous_evaluation; Behavioral health,,
Screened but flagged 'check this',PAR-25-265,Innovative Screening Approaches and Therapies for Screenable Disorders in Newborns (R01 - Clinical Trial Optional),HHS-NIH11,https://simpler.grants.gov/opportunity/72c16e90-9e1f-4fa0-8d67-db0423301955,NIH research opportunity,family health,FALSE,FALSE,include in new tier,new research tier,research_and_rigorous_evaluation;,,
Screened but flagged 'check this',PAR-25-206,Pilot Effectiveness Trials for Post-Acute Interventions and Services to Optimize Longer-term Outcomes (R01 Clinical Trial Required),HHS-NIH11,https://simpler.grants.gov/opportunity/122005eb-b9d4-4ccc-bfa4-794cac626544,NIH research opportunity,,FALSE,FALSE,include in new tier,new research tier,research_and_rigorous_evaluation;,,
Screened but flagged 'check this',PAR-25-284,Innovative Pilot Mental Health Services Research Not Involving Clinical Trials (R34 Clinical Trial Not Allowed),HHS-NIH11,https://simpler.grants.gov/opportunity/d2c68406-e847-4502-8fce-0eb66ca5baab,NIH research opportunity,behavioral_health_delivery,FALSE,FALSE,include in new tier,new research tier,research_and_rigorous_evaluation;,,
Screened but flagged 'check this',PAR-25-136,Laboratories to Optimize Digital Health (R01 Clinical Trial Required),HHS-NIH11,https://simpler.grants.gov/opportunity/39082d33-81a4-4136-8e86-aa33bbfc438b,NIH research opportunity,laboratory_services,FALSE,FALSE,include in new tier,new research tier,research_and_rigorous_evaluation;,,
Screened but flagged 'check this',PAR-24-273,Advancing Healthcare for Older Adults from Populations that Experience Health Disparities (R01 - Clinical Trial Optional),HHS-NIH11,https://simpler.grants.gov/opportunity/860b4fea-1a14-41e2-9192-20914548302b,NIH research opportunity,clinical_service_delivery,FALSE,FALSE,include in new tier,new research tier,research_and_rigorous_evaluation;,,
Screened but flagged 'check this',PAR-25-207,Effectiveness Trials for Post-Acute Interventions and Services to Optimize Longer-term Outcomes (R01 Clinical Trial Required),HHS-NIH11,https://simpler.grants.gov/opportunity/e1dcb919-4710-49c3-9263-4849a1e8a507,NIH research opportunity,FALSE,FALSE,include in new tier,new research tier,research_and_rigorous_evaluation;,,,
Screened but flagged 'check this',PAR-25-439,Community-Partnered Nursing Research Centers (P20 Clinical Trial Optional),HHS-NIH11,https://simpler.grants.gov/opportunity/b92ee363-0a5f-4ee2-868f-84b93ce7050a,NIH research opportunity,FALSE,FALSE,include in new tier,new research tier,research_and_rigorous_evaluation;,,,
Screened but flagged 'check this',RFA-DA-27-016,"HEAL Initiative: Translating Addiction Epidemiology, Prevention, Treatment, and Recovery Research into Practice (R61/R33 - Clinical Trial Optional)",HHS-NIH11,https://simpler.grants.gov/opportunity/c33f1e5e-0354-4976-adca-9aa7240778d3,NIH research opportunity,public_health_surveillance,FALSE,FALSE,include in new tier,new research tier,research_and_rigorous_evaluation; public_health_surveillance,,
Screened but flagged 'check this',PAR-27-098,SBIR/STTR Commercialization Readiness Pilot (CRP) Program (Parent SB1 Clinical Trial Optional),HHS-NIH11,https://simpler.grants.gov/opportunity/ed6db6b2-d74e-4838-9223-ce72f4895688,NIH research opportunity,FALSE,FALSE,not relevant,new research tier,research_and_rigorous_evaluation;,,,
Screened but flagged 'check this',PAR-27-057,Causal Hypotheses on the Oral-Systemic Health Impacts of Human Behaviors among People with Chronic Conditions (U01 Clinical Trial Not Allowed),HHS-NIH11,https://simpler.grants.gov/opportunity/1e7f7ee0-15b6-4fac-a5c1-7605cc242e43,NIH research opportunity,FALSE,FALSE,include in new tier,new research tier,research_and_rigorous_evaluation; public_health_surveillance,,,